ID,Edad,Sexo,MDT1,MDT2,MDT3,MDT4,MDT5,MDT6,MDT7,MDT8,MDT9,MDT10,MDT11,MDT12,MDT13,MDT14,MDT15,MDT16,MDT17,MDT18,MDT19,MDT20,MDT21,MDT22,MDT23,MDT24,MDT25,MDT26,MDT27,MDT28,MDT29,MDT30,MDT31,MDT32,MDT33,MDT34,MDT35,MDT36,MDT37,MDT38,MDT39,MDT40,MDT41,MDT42,MDT43,MDT44,MDT45,MDT46,MDT47,MDT48,MDT49,MDT50,MDT51,MDT52,MDT53,MDT54,MDT55,MDT56,MDT57,MDT58,MDT59,MDT60,CV1,CV2,CV3,CV4,CV5,CV6,CV7,CV8,CV9,CV10,CV11,CV12,CV13,CV14,CV15,CV16,CV17,CV18,CV19,CV20,CV21,CV22,CV23,CV24,CV25,CV26,CV27,CV28,CV29,CV30,CV31,CV32,CV33,CV34,CV35,CV36,CV37,CV38,CV39,CV40,CV41,CV42,CV43,CV44,CV45,CV46,CV47,CV48,CV49,CV50,CV51,CV52,CV53,CV54,CV55,CV56,CV57,CV58,CV59,CV60,CV61,CV62,CV63,CV64,CV65,CV66,CV67,CV68,CV69,CV70,Dimension_MDT,Dimension_CV,General_IC,General_IE
1,17,0,4,4,3,3,0,3,3,1,3,1,4,3,1,3,2,4,5,3,5,2,2,3,4,3,5,2,2,2,1,3,3,4,2,1,4,3,4,4,4,1,4,5,1,3,1,3,5,3,4,5,2,3,4,3,5,0,2,2,3,2,3,5,2,4,3,2,4,4,1,1,0,3,3,1,0,4,1,0,5,1,3,4,1,1,0,3,4,4,1,2,5,3,3,0,1,3,5,1,4,2,0,4,5,1,3,1,3,3,4,1,4,1,4,0,3,2,0,3,2,4,3,3,4,2,1,3,4,4,1,4,174,174,89,98
2,15,0,3,3,5,5,2,5,3,4,4,3,3,4,2,3,2,2,3,5,5,5,3,2,2,2,4,3,0,4,4,3,1,2,3,2,0,1,0,1,5,3,2,5,4,2,1,5,2,3,2,2,1,2,2,1,4,4,5,5,1,4,3,4,1,1,1,3,5,1,2,1,2,3,2,3,1,2,1,2,4,5,5,1,0,2,2,1,4,4,1,2,3,0,4,2,1,4,1,2,2,3,3,2,3,2,2,2,4,1,3,2,5,0,0,3,3,2,2,4,1,2,5,3,3,1,5,0,4,2,0,1,173,161,76,90
3,15,0,3,0,1,3,5,4,5,0,2,0,5,1,1,5,2,2,5,4,3,0,2,1,2,1,4,4,3,5,2,4,3,5,2,0,3,5,4,3,4,3,4,3,1,5,2,3,0,4,5,0,1,2,4,4,2,2,1,1,2,4,5,5,5,5,2,3,2,3,3,3,4,5,2,3,2,3,1,0,5,1,3,4,3,3,3,0,1,5,1,3,3,3,3,3,2,2,3,2,3,2,3,1,3,4,2,3,3,4,2,2,0,3,3,4,3,3,5,4,3,3,5,3,2,2,5,3,2,4,4,1,161,203,98,100
4,16,1,3,1,4,2,2,2,2,4,4,1,0,2,1,2,1,5,3,2,3,4,0,0,2,3,0,2,5,3,2,4,0,0,3,3,0,1,2,1,3,2,4,2,5,2,3,1,2,3,1,3,1,2,2,4,2,3,5,3,2,4,2,3,4,3,2,3,3,2,2,1,0,0,3,1,2,1,5,5,2,4,2,1,3,2,3,4,2,1,2,1,3,1,4,2,3,5,2,3,4,2,3,2,0,4,0,5,4,2,1,3,1,3,4,5,1,1,0,1,1,0,4,3,1,5,2,3,3,1,2,1,138,164,86,98
5,15,1,1,0,2,5,2,2,4,4,2,0,3,3,2,4,2,1,3,2,0,3,1,3,2,4,2,1,4,4,3,5,1,0,2,2,0,3,2,2,5,3,1,1,2,5,3,4,1,4,4,2,2,1,3,5,3,3,0,5,4,3,0,1,2,4,2,4,2,0,1,0,1,1,4,1,2,3,1,3,2,2,1,2,0,3,3,0,1,2,0,1,3,3,3,2,2,5,3,0,0,0,5,2,4,4,5,2,2,4,0,0,1,2,5,0,3,2,0,0,2,4,0,2,1,3,2,1,4,3,3,5,150,141,82,115
6,16,0,3,4,4,3,2,3,1,4,0,1,1,2,1,2,2,2,3,2,3,4,2,2,0,4,5,3,3,5,4,0,2,3,4,2,3,1,2,2,4,3,2,2,1,3,1,0,0,5,2,3,2,2,2,2,3,3,2,0,0,3,2,1,0,2,1,1,1,2,2,0,0,0,1,4,0,0,1,0,0,1,0,2,0,1,0,0,1,1,3,0,0,0,2,3,1,0,5,0,0,2,0,2,1,3,2,3,0,2,1,0,0,0,1,1,0,0,2,1,0,3,2,0,2,3,3,4,2,5,0,0,139,83,101,89
7,16,0,1,3,0,4,2,2,2,4,2,3,3,3,1,1,3,3,0,3,3,2,3,4,2,2,3,3,1,5,3,5,1,1,1,1,4,0,0,3,4,2,2,5,2,1,4,3,1,2,3,5,2,1,2,2,3,2,4,3,3,1,0,3,1,5,1,3,1,0,3,2,2,0,3,4,2,4,1,4,2,1,1,0,4,4,2,4,3,4,3,3,3,3,3,4,0,4,1,4,0,2,1,3,2,2,5,1,3,2,3,0,4,1,3,4,3,3,5,1,0,3,0,3,0,0,3,1,2,0,0,5,144,157,94,111
8,15,0,0,2,5,4,2,3,4,5,3,3,4,2,3,1,3,5,3,4,0,2,3,2,1,2,3,4,1,3,2,5,2,3,1,3,2,0,1,1,4,3,0,2,3,2,5,1,0,2,4,3,4,2,1,2,4,1,3,4,3,1,1,2,0,3,5,3,0,3,0,2,1,2,0,2,0,0,1,0,0,1,0,1,0,4,1,0,3,0,1,1,2,0,0,0,1,0,2,0,5,5,1,1,2,0,1,1,2,3,4,0,3,0,0,1,2,3,2,3,1,1,2,0,0,3,0,3,0,4,2,2,151,99,91,88
9,15,1,2,4,4,3,3,4,0,2,4,5,3,3,2,3,3,4,3,3,2,3,0,3,0,2,2,2,3,2,4,2,2,3,2,5,1,1,4,4,3,2,1,4,1,1,3,5,0,5,1,4,2,5,4,3,5,2,3,2,4,3,3,0,0,4,1,2,2,0,2,3,3,1,0,5,2,1,0,2,3,3,3,4,0,3,3,3,4,1,3,4,3,0,4,4,0,1,3,0,4,2,0,2,3,3,1,4,1,4,3,3,1,3,2,5,2,2,2,1,1,1,4,3,3,2,1,3,3,3,1,1,165,154,89,115
10,15,1,3,1,5,3,3,2,5,5,3,2,2,5,5,5,2,5,2,3,4,1,0,2,2,3,2,1,5,2,3,3,5,3,1,0,2,3,3,3,4,2,2,2,5,2,2,1,2,2,4,3,3,4,4,5,5,2,4,4,2,3,0,5,1,2,0,2,1,1,0,0,0,0,3,0,0,0,0,0,1,0,1,0,1,2,0,1,2,0,1,2,3,0,2,0,0,3,2,2,3,0,0,1,3,0,3,3,1,2,1,1,2,5,0,0,0,2,0,0,4,4,0,0,2,3,4,0,0,0,2,0,176,84,96,107
11,17,1,1,2,3,0,1,0,3,0,0,5,1,2,4,0,0,3,3,1,2,1,0,0,2,2,2,0,1,2,2,2,1,0,2,4,0,1,3,0,2,3,1,0,3,2,3,0,3,2,0,4,1,2,0,3,3,1,3,0,0,1,0,1,1,0,1,1,2,1,3,0,0,3,1,2,3,2,1,3,0,2,3,3,0,0,1,3,2,5,5,0,1,0,0,5,1,0,3,2,0,0,2,3,5,0,3,4,2,4,1,0,4,3,3,2,3,2,1,0,2,0,4,0,2,4,1,0,3,1,1,3,93,124,79,102
12,16,1,2,3,2,0,1,2,0,1,2,2,3,2,1,1,4,0,3,1,3,4,0,5,1,5,2,4,2,3,1,3,2,1,2,3,4,0,4,2,2,1,0,4,3,2,5,3,3,1,3,0,0,0,3,2,2,1,3,1,0,2,3,0,0,3,3,4,0,0,2,0,1,4,0,0,0,2,3,0,2,0,4,3,2,0,1,2,1,1,0,5,1,1,3,2,1,0,3,0,2,1,1,4,3,4,0,0,3,3,4,0,5,3,0,1,0,0,1,1,3,0,1,0,4,2,0,1,3,0,2,2,122,111,95,107
13,17,0,5,0,2,2,1,5,0,3,1,0,1,2,2,2,0,0,2,2,2,1,1,4,5,3,1,2,1,2,1,5,3,0,0,1,3,4,3,2,1,3,1,2,2,0,1,2,2,2,2,5,2,1,1,0,1,2,2,0,4,0,0,2,3,2,4,3,3,5,0,4,3,0,1,3,3,1,2,0,1,2,4,4,1,3,0,4,3,3,1,1,1,1,0,2,3,4,1,4,3,0,1,0,2,0,3,1,1,4,2,0,1,1,3,2,4,1,0,1,3,0,3,2,3,0,0,1,1,3,1,1,110,130,123,96
14,15,0,2,2,1,4,2,2,1,3,1,3,5,5,4,3,4,3,1,2,2,3,4,4,3,2,2,3,2,2,3,4,3,2,3,5,2,2,3,3,3,2,1,3,3,4,3,4,3,2,3,4,4,3,4,4,1,3,4,4,3,4,5,3,4,2,4,2,5,2,1,4,2,4,3,2,2,3,1,1,0,0,3,4,2,4,3,2,5,2,1,2,2,1,0,4,1,1,1,2,3,4,5,2,1,3,4,0,4,0,1,3,2,2,0,1,1,2,0,1,4,4,2,3,3,2,1,1,0,4,0,2,174,155,95,90
15,17,1,2,2,1,2,3,1,3,3,3,2,1,4,3,1,4,1,2,3,3,0,2,4,1,1,3,5,0,3,4,2,5,3,0,3,1,2,0,1,4,2,1,3,2,1,4,4,1,4,1,1,0,0,1,5,1,5,3,3,2,5,0,1,2,0,0,3,0,1,4,2,3,4,1,0,0,1,3,5,1,5,3,4,5,2,2,3,4,1,3,5,1,1,1,0,2,1,3,3,2,0,1,1,5,3,0,3,0,2,0,0,2,2,0,1,1,2,1,3,2,2,3,4,0,3,0,2,2,0,4,4,137,135,85,98
16,15,0,3,1,1,4,5,2,4,4,1,4,2,1,4,2,3,4,1,3,2,4,1,4,3,2,3,5,3,0,4,4,3,4,4,2,4,3,4,2,0,3,0,3,1,5,3,2,5,0,3,1,5,2,0,4,4,2,3,3,4,1,2,0,2,0,1,4,2,4,0,2,4,2,0,4,4,0,1,1,1,1,0,1,2,0,3,1,0,0,1,1,2,1,3,1,2,2,3,3,2,2,1,0,1,4,1,2,3,0,1,4,1,2,3,1,2,1,1,3,0,0,0,0,3,1,2,0,2,4,0,4,164,112,75,103
17,15,1,1,3,1,3,4,3,5,4,2,2,2,1,4,2,3,1,0,1,3,3,1,4,3,1,2,3,3,0,2,1,4,1,3,3,1,3,2,5,2,3,3,1,1,2,3,2,3,2,2,0,3,4,2,0,2,5,4,3,4,4,1,4,2,4,4,0,2,4,3,2,2,1,2,3,3,0,1,1,2,3,3,2,4,2,3,1,3,4,3,4,4,2,3,1,1,2,1,3,4,1,2,0,3,2,3,1,1,2,1,0,0,0,0,2,1,3,3,3,2,4,3,0,1,1,3,5,2,1,4,2,145,150,81,97
18,16,0,5,1,0,4,5,2,0,3,1,2,1,3,3,1,2,1,0,2,0,3,1,3,2,3,2,3,1,3,2,4,2,1,3,0,4,0,4,2,4,4,0,3,3,3,2,2,3,2,3,1,3,2,1,3,5,3,3,5,4,4,0,2,2,2,3,2,3,0,1,3,1,2,1,3,3,5,4,3,0,2,2,2,2,2,2,1,3,3,4,5,4,2,2,4,2,3,3,4,4,2,5,4,4,4,0,2,3,2,2,3,2,3,5,1,3,4,4,1,4,2,3,5,4,2,4,1,0,2,1,0,142,178,91,81
19,16,1,3,0,2,2,2,1,0,2,1,4,4,1,1,2,0,1,2,2,1,2,2,3,1,5,4,2,3,1,1,0,5,3,4,2,2,5,2,1,2,2,2,3,2,3,0,3,2,5,1,3,2,2,2,3,3,3,3,5,3,3,2,1,2,3,1,3,4,2,2,5,1,2,1,0,5,4,2,0,1,0,0,1,1,0,4,3,2,0,3,0,0,2,3,2,4,1,2,2,2,2,3,0,3,0,5,1,2,4,3,1,2,0,1,0,3,1,0,0,3,3,3,0,0,1,0,4,0,1,2,2,136,123,79,89
20,17,1,3,2,4,0,2,1,3,2,0,3,1,3,5,4,2,3,1,2,2,3,3,1,4,4,2,3,5,2,2,3,5,3,3,2,0,4,1,2,3,5,2,5,0,5,1,3,3,4,3,3,3,4,3,1,3,4,2,2,0,4,2,0,2,2,4,4,1,4,3,3,2,3,0,0,3,1,0,0,0,1,0,2,3,1,4,4,2,0,0,2,2,3,3,3,0,4,0,0,2,0,0,0,2,0,4,1,0,3,1,5,1,2,1,2,2,4,1,4,1,2,0,2,0,3,3,1,2,1,2,2,158,122,80,95
21,17,0,4,1,3,2,3,3,2,0,1,2,1,1,2,3,4,3,1,3,1,2,2,3,1,3,0,3,0,2,2,1,4,1,4,4,3,0,2,4,3,3,1,3,2,0,3,2,0,2,4,1,0,1,1,0,0,0,2,2,2,2,1,0,0,1,4,2,5,2,0,4,2,5,1,0,2,4,0,2,2,1,0,2,3,0,1,2,0,0,0,0,4,2,2,0,1,2,0,3,0,4,1,1,3,3,1,2,0,0,1,0,1,1,3,0,0,0,0,2,4,1,1,0,0,1,2,1,0,0,0,2,115,95,88,102
22,15,1,2,5,5,5,1,4,3,3,2,2,4,5,5,1,5,2,1,3,3,4,2,1,3,3,3,3,2,2,2,1,1,4,3,4,4,5,3,1,4,3,4,2,4,5,2,3,1,3,2,2,3,3,1,1,3,2,4,1,3,1,2,1,0,2,0,2,0,1,1,0,0,1,3,1,0,1,0,0,0,0,3,0,0,0,0,1,1,0,5,0,2,2,0,0,3,0,1,0,0,0,5,2,2,0,0,1,2,1,1,0,0,1,0,0,0,0,3,0,0,1,1,2,2,3,0,2,3,0,4,2,169,71,100,81
23,14,0,2,3,1,1,1,4,3,2,5,5,1,5,2,4,1,5,2,4,2,4,3,5,1,2,1,3,5,5,4,1,3,2,5,3,4,3,2,4,2,1,1,2,3,3,1,2,0,2,0,0,3,5,4,3,3,0,2,4,3,3,4,1,3,1,4,1,4,1,1,4,0,0,3,2,2,3,3,3,1,5,2,0,2,5,5,3,0,2,3,2,0,1,0,2,2,3,4,2,0,0,3,1,4,0,3,4,4,0,1,4,5,3,4,4,2,0,1,0,3,0,0,3,0,2,5,4,0,3,4,0,160,151,84,99
24,16,0,0,3,2,0,1,0,3,1,0,2,1,1,0,0,1,3,2,3,2,2,1,3,5,4,4,3,0,4,2,4,0,5,1,1,1,4,1,2,3,2,2,4,5,1,3,2,4,3,2,1,0,4,2,5,3,2,3,1,1,3,1,0,1,5,5,2,2,1,3,3,0,4,3,0,1,3,3,5,1,3,1,2,2,1,0,1,0,5,5,0,3,3,3,3,1,1,3,2,4,0,0,4,2,0,3,3,3,4,1,2,4,2,3,0,2,5,5,0,3,1,0,0,3,1,1,3,4,0,1,1,128,147,109,120
25,16,1,2,1,0,0,4,2,2,3,4,5,2,1,2,3,2,3,1,3,2,3,3,4,5,1,3,0,1,2,1,5,3,0,3,3,3,3,3,3,4,1,2,3,3,1,4,3,2,4,4,0,1,0,0,2,1,5,2,4,1,5,3,3,4,0,4,3,1,0,1,0,5,4,2,0,1,1,2,5,3,3,1,0,4,3,2,1,2,4,3,2,3,1,1,1,2,1,2,5,4,3,2,0,5,4,1,2,4,1,3,1,0,1,3,3,2,1,0,4,0,3,2,2,4,4,4,3,1,3,2,4,143,159,115,115
26,17,1,5,4,2,1,4,1,3,2,4,3,0,0,3,3,2,2,4,1,1,4,1,3,3,2,2,3,3,4,4,2,4,2,2,1,3,3,3,4,0,2,3,4,2,3,3,4,1,1,2,5,3,2,3,3,2,4,1,2,1,0,2,0,3,3,1,2,2,3,4,2,2,2,2,0,0,2,1,3,2,2,1,4,2,0,1,2,0,2,0,1,1,1,4,1,2,2,2,0,2,0,0,0,0,3,1,0,3,2,2,1,1,0,0,0,1,0,0,4,3,0,3,2,4,1,1,1,2,2,0,3,149,106,100,103
27,16,0,3,3,0,2,0,3,1,2,1,2,1,2,2,1,0,2,3,2,3,2,0,2,3,2,1,2,3,0,2,1,3,1,2,0,0,3,2,3,0,3,0,1,3,1,0,0,1,1,2,0,1,1,1,1,0,1,1,4,0,0,1,2,5,5,4,1,1,2,5,0,5,2,3,5,2,0,1,1,3,5,2,5,3,1,5,2,4,3,3,2,2,2,0,2,3,1,2,5,3,4,2,2,1,4,2,1,3,0,3,1,2,2,4,5,2,3,3,0,4,3,2,1,2,5,2,0,0,5,2,3,87,176,77,85
28,15,0,3,4,3,5,5,4,4,4,5,2,5,3,5,0,3,2,3,5,5,3,1,2,4,3,5,4,2,3,2,4,5,4,5,4,5,5,4,3,4,2,4,5,4,3,3,2,5,1,5,3,4,1,3,5,3,3,3,3,4,3,2,0,4,0,1,5,2,3,2,2,0,2,4,1,0,0,2,2,1,1,1,0,2,0,1,0,2,1,1,1,2,4,1,2,0,2,3,2,1,2,4,0,3,3,2,3,5,1,2,4,3,0,5,0,1,1,0,0,1,2,2,4,1,2,4,0,2,2,0,0,211,119,115,93
29,16,1,2,3,0,0,2,4,5,1,5,0,0,2,3,3,2,3,1,5,0,3,4,1,0,0,1,0,3,2,1,2,4,1,3,3,2,1,1,2,2,3,2,4,3,1,2,1,0,1,3,4,0,3,2,3,2,4,2,3,2,2,5,0,0,2,1,0,3,2,3,1,0,2,1,4,4,2,1,2,4,0,2,0,1,0,5,3,0,2,0,0,2,1,2,0,1,3,3,1,1,2,2,0,3,2,3,0,4,2,1,2,1,1,3,2,3,2,3,1,0,1,4,2,3,2,1,0,2,4,2,4,124,126,77,106
30,16,1,3,0,5,3,4,3,4,2,0,4,2,2,3,5,2,3,4,4,2,2,0,4,4,3,3,4,2,2,3,2,4,0,3,2,3,2,3,5,0,5,3,2,1,3,2,3,3,4,2,2,2,3,3,3,5,2,4,2,5,5,0,4,2,4,1,4,4,3,3,3,0,4,1,3,5,3,3,0,1,4,0,0,3,4,4,2,4,2,1,3,1,2,3,3,2,5,0,3,3,1,3,1,0,2,1,5,2,2,1,4,0,1,0,2,1,3,1,1,3,1,0,4,2,2,2,3,1,4,0,0,170,150,88,117
31,15,0,2,5,1,3,5,1,2,2,4,3,2,3,3,4,2,3,1,4,0,1,1,3,2,5,4,2,4,1,3,3,2,3,2,1,3,3,2,2,4,1,3,1,4,3,2,5,4,5,3,1,4,1,4,2,0,1,2,4,1,2,4,3,2,3,2,3,4,2,4,4,1,5,2,4,2,0,3,4,5,5,4,4,4,5,0,2,4,5,5,1,4,1,4,1,2,1,4,1,5,5,5,5,5,4,4,2,4,5,5,3,2,2,3,0,2,2,5,3,3,4,3,4,3,1,2,5,3,1,3,3,154,220,65,75
32,16,1,3,1,3,3,5,4,3,3,3,5,4,5,2,1,3,3,3,0,4,4,2,4,3,2,2,0,3,4,2,1,4,5,4,3,1,3,2,3,2,3,3,4,4,1,3,0,3,4,2,4,5,3,3,3,1,0,0,1,5,4,2,0,0,1,0,0,1,1,4,2,1,0,4,0,1,4,1,2,1,2,2,1,1,0,2,0,2,1,3,3,1,2,2,3,0,2,0,2,2,1,0,2,3,1,3,0,0,3,2,4,2,4,4,0,0,0,4,0,2,0,1,2,2,2,0,2,1,1,0,3,168,105,96,109
33,14,0,3,2,3,4,2,3,2,4,4,3,2,0,0,5,4,3,0,1,3,3,2,1,1,4,1,1,2,2,2,4,2,3,2,1,2,0,2,1,5,3,1,3,1,5,3,2,2,0,2,2,4,2,2,2,0,1,1,0,4,2,2,1,3,4,1,1,2,3,0,2,2,2,3,0,2,4,2,1,1,3,3,2,2,1,2,2,0,3,0,4,5,2,1,1,3,3,2,1,2,2,0,0,1,3,3,0,3,0,2,0,0,0,2,3,2,3,3,0,2,0,2,1,0,1,2,1,3,0,1,1,131,119,105,79
34,14,1,2,2,2,3,0,4,2,3,2,4,2,2,3,1,3,2,4,4,4,3,0,3,0,0,2,2,1,0,3,1,2,2,5,2,1,3,4,3,2,1,4,4,2,4,1,0,4,0,5,4,2,1,1,3,2,1,3,3,4,1,4,1,5,2,3,3,3,3,4,1,3,4,1,1,3,3,3,0,1,1,0,1,3,4,1,3,0,4,2,1,3,2,2,4,1,2,3,2,3,0,3,3,3,5,2,3,3,4,5,3,0,0,4,4,2,3,1,3,3,1,4,2,1,2,4,4,2,3,4,0,138,171,82,94
35,17,1,3,2,1,4,2,2,4,1,2,0,3,1,4,5,3,2,2,0,2,4,0,1,3,2,1,1,3,3,3,1,3,1,5,3,3,3,1,3,2,4,5,4,4,3,0,5,1,5,1,1,4,3,3,2,1,0,4,5,2,2,1,3,2,1,1,4,4,3,2,2,3,0,1,0,4,2,3,3,0,2,3,0,0,1,3,4,2,0,0,1,3,2,3,2,2,1,0,3,2,1,3,1,2,3,2,0,1,0,1,1,0,3,2,1,2,2,0,1,2,0,0,2,2,2,2,1,2,0,1,3,148,116,86,96
36,16,0,4,3,5,2,3,1,2,5,4,3,1,3,4,3,3,2,0,1,3,3,0,4,2,3,3,5,3,4,3,2,3,5,0,3,2,2,5,3,5,1,3,3,3,3,4,4,3,4,1,1,5,4,5,3,2,4,3,1,2,5,2,3,2,2,5,3,4,2,4,5,1,1,1,0,3,2,2,1,5,0,0,3,0,3,2,3,1,3,3,5,3,5,3,5,3,2,1,2,2,2,4,4,1,5,3,2,0,3,2,4,5,2,2,2,1,3,5,4,4,4,1,2,1,4,2,2,1,1,2,1,176,176,97,90
37,17,1,2,2,2,4,4,5,4,3,5,3,5,4,5,4,3,3,5,4,1,3,4,2,3,2,2,4,1,5,1,5,3,2,1,3,3,5,2,1,4,4,3,4,3,4,3,2,5,4,2,2,1,0,5,3,4,4,4,4,3,1,0,0,1,0,2,1,3,2,3,2,2,2,0,3,5,2,1,4,2,5,2,1,3,4,5,3,3,0,4,4,2,1,3,2,3,3,0,5,3,2,2,1,1,2,3,0,1,5,0,0,2,5,3,1,2,2,5,4,0,5,0,4,2,2,3,2,3,5,4,3,189,165,92,98
38,15,1,2,4,2,2,2,1,4,0,3,3,1,1,1,0,2,1,3,3,1,2,4,0,0,5,2,0,3,2,3,2,1,1,0,3,0,1,0,1,1,1,1,1,1,3,4,0,3,2,3,0,2,2,3,2,2,1,2,2,1,1,2,3,0,0,0,0,0,1,3,2,0,0,0,4,0,1,3,0,0,2,0,2,2,0,1,2,1,0,0,0,3,0,0,3,0,1,2,0,2,2,2,0,4,0,0,5,2,0,1,1,0,0,0,0,2,0,1,0,0,1,0,0,2,2,1,0,0,1,1,3,104,71,118,108
39,16,0,2,4,3,0,2,3,1,2,1,1,3,5,4,3,4,0,3,3,1,2,5,2,3,4,2,1,4,1,3,3,3,2,3,3,3,2,0,4,3,3,3,4,5,0,1,3,2,2,1,2,3,4,1,2,3,3,3,4,0,4,1,1,1,4,1,3,5,0,1,3,3,3,4,3,2,5,3,0,2,2,3,4,4,1,4,4,0,1,4,2,1,2,1,4,0,2,2,4,5,4,1,3,3,2,0,1,4,2,0,0,3,3,2,3,1,2,5,1,3,2,2,2,1,1,3,1,2,3,3,1,151,159,96,91
40,15,1,1,2,3,1,3,4,2,0,1,1,2,4,1,2,1,1,3,2,0,5,1,5,2,2,1,0,2,1,0,4,1,4,5,2,0,0,0,1,3,0,1,1,3,0,4,1,0,1,0,1,1,2,1,2,3,0,0,2,2,4,4,2,0,2,5,2,2,2,4,5,3,2,3,4,0,3,2,1,2,3,1,0,1,1,4,1,1,1,5,2,2,2,0,5,0,4,3,1,0,0,3,0,2,1,2,0,1,0,2,4,2,1,2,2,0,1,0,2,4,1,3,3,3,0,4,2,2,4,0,2,102,138,98,125
41,17,0,4,2,4,4,4,3,0,2,2,3,2,3,3,4,3,4,0,0,1,0,2,2,4,2,1,1,1,5,3,4,1,3,2,3,3,3,3,1,2,4,2,4,1,4,5,2,1,3,4,2,3,2,3,3,1,1,3,3,3,2,1,2,2,2,0,1,0,4,3,0,0,4,3,1,4,2,2,0,4,1,0,3,0,0,1,1,0,0,2,1,0,5,0,2,0,2,0,0,3,1,3,0,0,2,3,3,0,2,0,0,1,1,0,1,2,1,2,0,1,0,0,3,1,4,0,0,0,3,3,0,150,93,79,80
42,15,0,1,4,0,1,2,4,3,2,0,4,3,4,0,4,1,0,3,3,5,3,2,1,2,3,5,1,2,5,2,4,0,2,2,5,5,3,4,1,2,3,2,5,2,3,3,2,5,3,3,3,2,5,3,4,4,0,4,4,1,3,0,0,1,2,4,5,3,0,3,2,4,1,3,1,3,0,3,3,1,3,1,0,3,3,2,0,0,5,1,4,3,4,3,5,1,0,0,2,2,2,0,4,0,2,0,2,2,2,0,3,0,1,3,0,0,1,0,1,1,0,0,0,2,5,0,3,4,1,1,0,162,121,85,101
43,17,1,2,3,3,5,1,3,1,3,3,5,4,4,4,2,4,5,4,3,5,2,5,2,4,5,5,3,0,4,3,2,2,5,1,2,5,3,3,3,3,2,3,3,2,4,5,3,2,3,3,5,4,3,5,3,4,5,1,2,5,5,1,4,2,1,5,3,3,1,1,4,3,2,1,3,5,0,2,3,1,1,0,1,2,0,3,1,1,2,3,4,0,2,5,3,0,1,1,0,0,0,4,2,3,3,2,5,2,1,1,5,3,4,2,3,5,2,0,2,3,0,5,3,0,0,3,0,0,4,5,1,198,148,113,114
44,15,1,3,4,2,2,4,3,4,1,0,3,1,3,2,2,5,0,3,3,1,0,3,1,5,2,3,4,2,3,3,2,4,3,4,2,3,2,3,1,2,4,2,2,2,4,0,0,3,5,5,3,1,4,3,2,2,2,3,3,4,2,3,3,0,0,2,3,4,0,0,0,1,0,2,3,2,2,2,3,2,3,4,0,3,0,1,3,3,0,1,4,5,0,3,2,3,2,3,1,1,2,2,1,5,4,2,0,0,1,3,5,3,3,2,2,3,0,5,2,3,0,1,1,4,2,0,0,2,4,0,2,154,138,80,96
45,15,1,3,2,2,5,3,3,2,2,1,4,2,4,3,3,3,3,2,1,2,2,4,2,5,2,3,4,3,3,4,3,1,2,0,1,2,2,5,4,1,2,2,1,2,2,5,4,1,0,2,4,4,2,3,3,4,4,1,3,4,2,2,5,3,5,3,2,0,2,4,2,0,4,3,2,1,3,2,1,2,0,0,0,1,0,2,1,3,0,5,0,0,2,3,0,3,2,0,1,2,0,2,1,1,2,2,2,1,0,1,0,1,2,0,3,0,0,0,1,0,2,0,3,1,3,2,2,2,3,0,3,158,111,77,91
46,15,1,1,3,2,2,2,4,2,5,4,3,1,3,2,1,3,3,4,3,2,0,4,3,4,2,2,5,2,0,1,1,1,4,0,1,5,2,1,0,1,1,5,4,3,3,3,3,2,1,4,4,4,2,2,4,2,4,5,0,3,4,2,2,1,5,4,0,1,1,1,3,5,4,4,2,0,3,4,2,3,3,1,1,4,2,5,4,1,1,0,2,4,5,2,4,4,2,2,0,3,4,2,0,1,0,1,3,1,2,3,5,3,2,2,1,3,3,3,2,3,0,2,0,3,1,0,0,3,1,4,2,152,157,88,92
47,15,0,3,3,5,4,4,3,0,2,2,2,5,4,3,2,3,2,3,3,2,2,3,4,3,2,2,3,5,3,5,2,3,1,4,5,1,4,4,3,5,5,2,2,3,4,3,3,1,3,2,4,1,0,4,2,0,1,4,3,1,3,0,5,4,3,3,2,4,4,1,3,3,0,3,2,5,2,2,2,2,2,1,0,2,5,2,0,2,3,5,4,1,4,2,0,2,5,3,3,4,3,3,1,3,2,4,3,1,1,3,0,2,4,0,2,3,2,1,0,0,0,1,3,5,3,5,4,2,0,1,3,170,165,112,97
48,17,1,2,3,3,3,5,3,2,2,2,1,3,4,2,5,3,2,1,2,4,2,4,3,2,2,1,3,5,3,0,1,2,3,4,3,2,4,0,2,4,2,5,3,4,4,2,2,3,0,0,1,3,3,5,5,4,4,3,3,4,4,2,4,4,2,0,0,4,4,1,0,4,2,1,1,2,5,2,2,1,5,3,0,3,4,5,2,0,1,1,1,3,2,2,4,1,2,5,4,0,4,2,3,2,2,3,0,1,1,1,4,4,3,2,2,2,4,0,4,3,4,3,4,4,5,0,1,4,3,4,4,166,172,93,119
49,15,1,3,4,2,2,5,1,4,4,3,2,2,1,3,4,3,3,2,4,3,4,3,4,5,2,3,2,3,3,5,2,2,0,5,3,1,2,3,5,5,5,4,1,1,2,2,5,2,3,3,5,5,2,4,3,4,4,2,4,3,2,2,1,4,1,3,5,4,5,2,3,1,4,2,0,1,2,1,2,3,1,4,3,0,5,4,2,2,2,2,3,1,5,0,3,1,1,1,0,1,3,2,1,0,3,2,3,4,5,5,2,4,1,2,5,5,1,2,2,4,5,0,0,2,4,3,4,1,3,3,1,183,169,92,89
50,16,0,1,0,3,5,1,0,3,3,5,1,3,3,3,3,2,1,2,3,3,4,2,2,3,4,4,1,3,3,3,0,4,4,2,3,3,3,0,0,2,3,2,3,3,5,4,5,3,0,3,2,0,4,2,3,5,3,3,3,1,2,1,5,2,0,2,0,1,3,3,1,3,2,2,1,3,5,0,1,0,5,2,2,1,1,5,2,1,0,1,3,1,2,1,4,0,0,1,2,2,3,2,3,2,0,4,2,5,2,1,3,3,2,2,4,2,2,0,2,5,2,0,0,0,3,0,2,0,5,3,0,154,135,106,103
51,14,1,3,2,2,1,1,1,2,2,2,4,2,2,4,3,3,1,4,1,2,4,1,2,2,4,4,2,1,3,0,3,0,1,1,3,2,1,1,2,3,2,3,4,0,2,2,1,1,1,2,1,0,1,1,1,2,2,1,2,3,3,0,0,4,1,0,3,2,2,3,3,0,3,2,2,1,2,3,0,3,3,0,1,1,1,2,2,4,0,3,0,0,4,1,2,0,0,3,0,3,0,1,0,3,1,2,1,1,1,0,1,0,0,2,2,1,1,0,3,2,2,2,2,1,5,1,1,0,2,2,1,117,105,106,111
52,16,0,4,4,4,1,2,2,3,4,3,2,0,0,2,3,2,4,5,2,2,4,3,4,1,1,4,2,3,5,4,3,2,0,1,3,3,2,2,3,3,1,2,3,1,3,2,2,5,5,2,1,4,4,4,1,3,2,1,5,2,1,0,0,1,1,0,1,2,5,1,2,0,4,2,1,1,2,2,3,0,3,1,1,4,2,0,2,1,4,0,2,0,0,4,2,0,3,1,4,3,2,1,1,1,2,3,1,0,0,3,1,1,1,3,2,2,0,2,1,3,1,1,0,0,3,3,3,4,2,1,0,156,113,62,100
53,16,0,3,4,5,2,0,4,4,3,3,2,1,2,5,2,3,2,1,3,3,3,4,1,4,4,2,5,4,0,3,0,0,1,0,1,1,2,1,2,0,2,2,0,3,3,5,2,2,2,5,5,5,4,4,0,2,3,2,1,2,3,3,0,5,3,1,4,2,3,1,4,2,4,0,1,0,0,1,2,0,1,1,3,5,0,2,2,0,3,2,1,0,1,0,2,1,2,3,2,2,5,1,1,4,2,5,0,1,0,5,2,1,1,2,1,4,4,3,1,1,0,0,0,1,1,3,5,3,0,0,4,147,130,102,98
54,15,1,4,4,3,2,4,3,4,5,3,2,5,1,5,4,2,4,5,4,2,3,3,3,5,5,1,4,2,5,5,4,3,1,3,4,2,2,1,1,4,2,1,2,5,3,5,3,5,0,2,0,3,2,2,2,3,5,1,3,1,2,1,1,1,0,2,0,2,1,4,0,0,5,2,2,1,2,0,3,3,0,2,3,2,1,2,1,2,0,0,4,0,2,3,3,0,3,1,2,0,4,3,0,1,0,3,0,1,2,0,0,1,3,4,3,3,1,0,0,0,0,2,1,2,4,4,0,3,1,1,4,179,112,66,95
55,17,0,5,2,1,4,0,1,3,4,2,3,3,1,4,3,2,2,4,3,2,3,2,3,4,4,3,2,4,1,3,2,0,5,3,3,5,4,2,3,2,2,4,0,5,3,5,4,2,1,2,3,2,4,3,0,4,2,2,0,4,2,3,2,3,1,0,4,2,3,3,1,0,0,0,2,2,2,0,1,1,0,0,0,3,0,1,0,1,3,0,0,4,0,1,3,2,3,2,0,3,3,3,0,0,0,0,4,2,4,0,0,1,0,1,1,4,1,1,0,1,1,0,0,3,4,2,3,0,1,0,0,161,96,91,101
56,16,1,1,2,2,4,3,4,4,2,4,2,3,2,2,4,2,1,1,3,3,1,2,0,4,3,1,0,3,2,3,0,1,1,4,5,1,1,0,2,1,3,2,1,0,1,1,0,4,2,2,1,2,2,1,2,2,2,3,3,1,3,0,0,1,2,2,2,3,3,3,0,4,0,4,4,0,3,2,2,1,2,3,1,2,1,1,2,0,2,1,1,3,1,3,1,3,2,0,3,1,2,1,3,0,2,2,4,0,0,3,1,1,0,2,2,1,2,3,0,5,3,3,4,0,2,0,3,3,0,4,4,122,129,89,98
57,15,1,3,0,2,3,2,4,3,2,1,2,2,5,3,0,3,2,2,0,0,2,2,2,1,0,2,1,4,1,3,2,4,1,3,3,1,4,5,2,2,3,3,0,1,3,2,0,1,0,3,4,3,3,1,0,4,1,1,2,2,3,4,0,3,1,4,5,3,3,3,0,4,2,4,3,0,2,3,1,0,4,3,5,2,5,3,3,3,0,0,4,2,2,1,1,2,4,2,3,0,1,4,3,4,0,3,1,2,2,4,3,3,5,5,1,0,3,5,2,5,2,4,2,4,3,5,5,2,2,1,0,124,180,93,72
58,17,0,1,3,0,2,1,4,0,1,4,0,2,1,2,3,2,1,3,3,5,3,0,2,1,0,3,2,1,3,4,3,1,4,1,1,1,1,1,0,2,1,2,0,0,2,1,3,3,2,3,0,3,0,0,2,1,1,4,1,0,1,2,0,0,3,3,0,3,1,5,1,2,3,1,1,4,1,3,3,4,0,4,2,1,3,5,3,4,3,2,3,0,2,5,2,2,0,3,3,1,3,1,2,1,5,3,0,2,3,1,0,0,3,3,1,1,1,0,2,1,3,2,1,1,0,5,2,2,5,1,1,102,144,72,98
59,15,1,1,3,1,4,3,3,2,3,0,3,2,2,1,1,1,2,5,2,0,0,2,1,4,1,0,1,0,0,3,5,2,1,0,0,0,2,1,2,0,0,2,2,2,1,2,0,2,4,3,3,1,2,2,2,1,2,0,1,1,3,3,1,2,4,2,0,3,2,3,1,4,5,3,1,3,2,1,3,3,1,3,4,1,3,5,1,2,1,1,2,0,2,0,3,0,4,5,0,0,0,3,5,3,1,2,1,1,0,4,4,0,0,2,0,2,4,2,1,3,5,2,1,4,1,2,2,1,4,0,2,100,146,92,94
60,16,0,4,2,1,2,4,1,2,2,4,4,5,2,4,3,2,4,3,3,3,2,1,1,2,2,2,3,1,4,3,4,2,5,3,3,3,4,2,3,3,3,3,3,1,2,3,0,1,2,2,2,0,2,1,2,1,0,4,2,3,4,3,2,1,3,3,3,3,2,4,1,0,4,3,2,1,0,3,0,3,2,1,0,4,2,2,2,2,2,3,0,5,1,2,5,2,1,4,3,2,1,2,5,3,4,2,1,0,0,3,0,2,3,2,3,4,1,2,5,1,4,3,2,3,0,1,2,3,2,0,0,149,150,115,80
61,16,0,1,2,2,0,2,4,3,1,2,2,2,0,4,2,4,2,3,5,5,5,2,0,2,3,3,0,4,5,4,3,4,4,2,5,2,3,2,3,0,2,2,5,2,4,1,1,1,2,2,1,2,2,1,2,3,3,2,2,2,3,0,3,3,0,0,5,1,2,1,0,3,3,2,0,1,1,3,3,0,3,0,2,4,2,1,4,3,2,0,4,0,1,0,1,2,4,0,2,0,3,3,2,0,1,5,0,4,2,2,0,1,1,1,1,2,3,2,0,0,2,1,1,0,0,0,0,3,1,1,2,147,110,86,116
62,16,0,1,2,3,3,1,5,4,2,4,3,2,2,5,4,4,3,1,2,2,1,1,2,4,3,3,2,2,1,2,3,4,4,3,2,3,3,1,3,1,3,4,2,3,2,2,1,2,2,4,3,4,2,2,2,2,3,3,1,3,3,4,4,4,3,3,2,0,1,2,1,4,2,2,3,5,2,3,5,3,4,5,4,2,3,2,3,3,4,2,2,3,3,2,2,0,0,1,2,2,2,5,3,3,4,5,3,1,5,5,1,4,2,0,0,3,5,2,5,1,3,3,2,2,2,3,2,5,2,5,3,154,193,65,82
63,16,0,3,0,4,0,3,1,1,5,2,3,0,0,4,3,1,4,4,2,0,3,4,3,2,2,4,3,2,3,3,3,1,4,2,0,1,1,2,2,1,2,3,4,1,2,4,2,2,4,4,1,2,3,5,3,3,3,3,3,1,3,1,0,2,2,1,1,1,4,4,4,2,1,1,0,0,2,2,1,4,2,0,2,4,1,0,1,3,1,2,3,2,1,1,2,3,4,1,2,2,3,0,3,3,1,4,1,0,0,3,5,3,3,0,0,1,5,3,0,0,0,0,4,2,1,2,0,2,1,2,0,144,122,60,85
64,15,1,4,1,5,3,4,3,2,0,2,3,4,3,0,5,0,0,2,2,4,4,2,1,3,0,2,3,2,1,0,1,4,2,3,2,2,3,4,3,4,4,1,1,1,4,3,3,3,2,5,2,2,3,4,3,1,0,5,2,2,2,1,0,3,2,1,3,1,0,0,1,1,1,0,0,0,2,0,4,2,1,2,0,1,0,0,2,1,4,3,1,2,3,3,5,2,1,3,3,4,5,0,1,1,3,1,3,4,0,1,3,2,2,4,5,2,3,2,1,3,2,1,0,3,0,0,0,1,3,0,1,146,120,98,102
65,15,0,4,3,1,1,1,3,4,3,4,3,2,3,2,4,3,3,3,0,0,2,1,4,2,2,0,1,4,4,2,0,3,2,4,5,4,1,3,2,0,3,2,4,3,2,2,1,1,4,1,3,5,0,3,2,4,4,5,1,2,0,2,0,4,1,0,0,1,2,2,2,4,1,1,0,1,2,0,1,1,1,1,3,3,1,0,0,0,5,1,2,5,2,2,2,3,3,3,4,0,3,0,0,0,3,1,2,0,4,3,3,0,3,2,1,2,3,0,1,4,0,1,0,4,2,3,2,1,1,0,4,145,119,100,99
66,17,1,3,2,1,4,0,5,3,0,4,4,2,0,4,1,4,2,4,1,2,3,1,3,1,4,3,3,4,3,0,2,2,2,3,3,4,0,0,3,1,0,3,1,2,2,3,3,3,2,3,3,3,4,2,2,5,2,5,3,3,3,5,1,2,3,5,4,4,3,2,2,2,4,0,4,2,2,2,3,4,3,3,2,3,3,0,5,3,5,3,3,1,0,0,3,1,1,3,3,1,3,2,2,2,1,5,2,2,3,1,4,4,1,3,1,1,2,4,3,5,1,1,4,4,2,0,2,0,2,1,0,148,168,96,116
67,16,0,5,5,0,3,2,3,3,4,5,3,2,2,5,1,3,2,3,4,1,5,2,2,5,4,3,4,0,4,0,4,4,2,4,2,3,1,2,3,4,3,2,3,4,1,3,5,3,4,4,1,0,1,3,3,3,2,3,4,2,2,1,0,0,4,0,2,4,2,1,2,3,5,4,1,2,0,3,3,2,0,0,3,2,0,1,0,1,5,0,0,1,2,2,4,2,0,3,2,4,3,1,0,1,2,3,1,3,0,1,2,1,2,0,2,2,4,3,1,1,0,1,4,2,1,2,1,3,3,0,3,170,124,81,89
68,16,1,1,0,5,2,1,3,2,3,3,2,2,4,4,0,3,2,1,4,1,3,4,3,1,2,1,2,4,2,1,4,2,0,2,3,4,1,2,2,4,1,4,2,3,2,2,1,0,4,3,5,5,1,0,2,2,5,1,2,1,2,3,4,4,3,0,1,2,3,3,0,3,2,4,5,4,4,1,2,2,4,3,2,2,4,4,2,0,0,3,0,3,2,3,0,2,4,3,4,1,2,4,1,0,3,2,0,4,2,0,3,4,5,2,0,0,4,3,2,1,3,1,1,1,2,0,2,1,5,5,2,138,161,84,112
69,16,0,3,3,2,3,3,4,1,3,5,4,5,0,4,0,2,4,1,2,2,0,2,2,3,1,3,2,1,1,4,3,2,3,2,1,1,3,2,0,3,3,2,1,3,2,0,2,3,1,4,2,1,2,1,3,2,2,3,3,1,2,3,0,3,2,1,2,5,0,2,4,3,5,1,2,4,3,3,5,3,1,4,2,4,5,4,0,2,3,3,2,3,3,2,0,3,4,1,5,4,4,2,3,5,1,2,1,3,0,0,0,1,3,4,3,1,5,2,0,5,2,4,5,1,1,4,5,4,4,4,2,133,187,82,103
70,15,1,3,5,3,4,2,2,2,2,4,5,2,3,3,5,4,1,4,0,1,2,3,2,4,2,4,0,5,3,3,1,3,4,2,3,4,2,1,2,2,3,3,4,1,4,1,5,5,2,0,5,1,4,3,2,3,2,5,4,3,4,2,2,2,0,0,1,2,0,0,2,3,1,1,2,3,2,1,3,2,0,2,1,0,2,4,4,2,2,0,0,1,4,3,3,2,0,2,0,0,2,3,1,0,3,0,0,2,0,2,0,2,3,2,2,2,5,4,4,1,3,2,0,3,3,2,5,1,1,2,1,171,122,91,101
71,15,0,2,3,1,2,0,4,4,4,5,1,1,4,4,1,2,2,4,1,1,1,3,4,1,2,1,2,4,2,2,3,0,2,2,3,1,5,1,1,0,3,2,2,2,2,4,4,0,2,3,2,2,2,1,2,0,0,3,0,1,2,3,3,0,0,3,1,5,2,0,4,0,2,2,0,4,4,3,5,2,2,1,1,0,2,4,2,3,1,1,3,2,4,2,1,2,3,4,5,2,1,3,0,2,2,0,5,3,2,3,1,3,2,0,1,2,0,4,3,0,4,1,0,2,4,1,1,1,3,4,1,125,147,67,90
72,15,0,2,3,5,4,4,3,2,4,3,0,0,3,2,2,4,1,3,2,4,1,1,5,2,1,2,3,4,2,3,2,4,1,3,2,3,1,2,4,2,3,4,2,3,3,5,3,4,4,4,2,1,0,5,3,0,2,2,2,5,3,5,1,2,0,0,1,4,0,3,5,2,5,0,5,2,3,2,4,1,2,1,3,2,1,3,4,1,1,1,3,2,4,5,0,1,2,2,2,5,3,4,2,1,1,2,1,4,4,5,3,5,0,3,0,1,0,2,1,1,2,0,3,0,1,2,0,0,0,2,0,159,143,113,120
73,17,0,2,5,2,5,0,3,5,0,2,2,5,0,2,4,2,4,3,0,2,0,2,1,2,1,5,5,3,2,1,4,2,3,4,1,2,1,2,2,0,1,2,5,1,1,1,4,2,2,2,2,2,5,3,4,3,5,3,3,2,0,3,0,5,4,3,4,1,1,3,2,3,3,2,1,2,1,4,2,2,4,5,2,1,2,3,3,3,1,3,3,1,1,2,2,2,4,0,4,2,5,1,3,3,3,4,5,5,4,4,1,3,4,3,1,5,5,1,4,2,2,4,2,4,2,2,4,2,5,2,2,144,191,86,108
74,16,1,0,3,4,5,2,3,3,5,5,2,2,3,2,1,2,3,2,3,4,5,5,5,4,3,4,5,3,2,1,3,0,2,4,1,2,4,2,1,3,1,4,1,2,1,2,4,3,1,5,1,2,4,2,3,2,3,0,4,0,1,1,1,2,2,1,4,3,2,5,3,4,3,2,2,4,3,4,1,1,1,2,0,0,3,3,3,4,0,0,1,5,1,1,3,3,0,0,2,3,2,4,4,1,3,2,2,2,0,1,3,5,1,4,3,1,4,1,0,0,5,4,4,3,2,4,2,3,3,2,5,159,163,93,100
75,15,0,5,3,3,2,1,3,1,5,2,3,2,4,3,2,3,4,5,1,2,5,1,3,2,2,2,3,5,2,2,4,3,3,2,1,5,5,2,2,3,3,3,3,4,4,0,4,3,3,1,2,1,5,4,3,3,5,4,2,2,1,1,0,3,0,1,5,2,2,0,0,3,0,1,0,2,5,3,1,4,1,3,2,0,2,1,5,1,3,1,1,2,1,1,2,0,2,3,2,2,0,5,1,0,1,0,0,1,3,2,1,1,1,1,2,0,1,2,0,3,2,1,2,2,2,0,2,0,2,0,0,171,106,106,86
76,17,1,3,2,4,2,5,5,4,0,3,2,2,5,3,1,3,0,2,5,1,5,2,2,4,3,3,0,4,4,3,1,2,5,3,3,2,2,2,4,3,2,3,3,2,0,3,3,1,1,1,3,1,2,2,2,1,4,3,1,2,2,0,0,2,2,3,1,1,2,2,0,1,2,2,0,1,1,1,1,5,2,3,3,3,2,4,4,0,2,0,0,3,0,0,0,5,5,1,2,3,2,0,2,3,1,3,1,3,3,0,4,1,3,4,3,5,0,1,3,1,4,5,3,3,2,0,0,1,1,1,0,151,132,70,111
77,15,0,2,3,1,2,0,1,4,3,4,3,0,3,1,5,1,2,2,3,1,1,1,2,3,2,3,4,4,2,3,2,0,2,4,1,4,5,2,2,4,4,5,1,2,5,1,2,1,4,3,1,4,2,1,1,5,0,2,2,3,4,0,0,5,2,1,4,0,1,4,2,2,4,3,0,2,5,2,0,2,3,3,0,4,4,3,3,2,3,2,0,3,4,3,0,1,2,4,2,0,1,3,2,0,3,4,3,2,1,1,0,3,3,5,2,2,1,2,0,0,2,1,2,5,5,2,2,2,2,2,0,145,148,97,103
78,16,1,3,2,3,4,2,2,4,2,4,4,3,5,2,2,3,4,1,2,3,2,1,2,5,0,2,4,4,2,1,3,0,5,5,3,4,3,3,3,4,4,3,2,3,2,3,3,4,2,3,4,1,1,4,2,5,5,4,3,2,2,1,1,2,1,0,3,1,3,1,1,1,0,0,5,1,1,1,2,0,5,0,1,2,1,0,0,0,3,0,0,0,1,1,3,2,0,0,0,2,1,0,0,1,2,0,2,0,2,0,0,0,0,0,4,2,0,0,1,0,0,1,0,0,3,0,1,1,0,2,1,173,70,60,73
79,16,1,3,0,3,3,4,3,2,4,1,2,4,0,1,0,0,0,4,2,1,1,2,1,2,4,3,2,2,2,3,0,2,1,2,5,5,4,4,3,4,4,3,5,2,4,2,3,3,5,2,2,2,4,1,1,2,5,2,1,1,3,2,2,2,2,1,2,4,4,0,3,2,4,3,2,2,0,2,3,3,1,1,3,0,2,4,3,0,2,3,1,2,3,2,2,4,0,2,1,4,3,0,4,0,2,4,1,4,1,3,3,4,2,1,3,2,3,3,4,4,5,5,5,3,2,2,3,2,2,2,3,146,168,81,102
80,15,0,1,1,3,3,2,0,1,5,3,2,5,1,1,4,5,4,3,2,2,3,4,3,2,5,3,2,2,3,3,1,2,2,4,4,5,2,2,2,3,3,3,4,1,3,1,1,5,4,2,2,2,1,2,2,4,1,3,3,5,3,1,3,3,1,0,2,3,4,4,5,2,1,4,1,2,5,5,4,2,3,3,3,3,4,4,1,2,2,3,0,3,5,3,3,3,2,2,0,2,3,3,3,1,3,3,3,3,2,2,3,3,3,3,3,2,4,3,4,1,1,0,2,1,4,2,3,1,5,1,2,160,180,87,94
81,16,0,1,4,3,4,4,4,5,2,1,3,3,1,3,2,3,4,4,3,5,3,2,4,4,2,4,5,3,2,1,1,2,2,3,2,4,5,4,1,1,4,1,4,4,4,3,3,3,4,1,3,2,4,3,3,1,4,4,3,3,1,5,2,2,4,2,3,0,0,5,1,3,1,5,5,2,1,3,4,5,4,3,2,4,2,3,3,3,3,2,3,2,5,2,1,4,0,1,1,3,0,4,1,1,3,2,2,4,4,3,4,1,3,5,0,1,4,0,4,2,1,2,2,3,4,2,1,5,3,1,4,176,180,89,119
82,16,0,2,1,4,1,4,4,2,1,2,2,3,1,0,0,1,1,2,2,4,2,2,0,1,3,1,3,1,2,1,3,3,2,2,2,5,2,3,4,3,1,2,1,3,0,3,3,0,1,3,2,5,3,2,2,0,4,2,2,4,3,4,1,2,5,4,3,3,1,2,2,4,0,1,3,4,0,0,2,3,4,3,5,5,0,5,2,4,4,2,3,4,5,4,1,4,3,3,0,5,3,3,3,5,2,4,5,5,5,5,2,4,2,1,4,2,2,1,4,0,0,3,3,5,3,4,4,5,5,4,4,128,212,100,103
83,16,1,0,2,3,1,2,3,3,3,4,3,5,1,2,0,1,0,3,1,4,3,3,3,3,4,0,5,3,2,4,0,0,1,4,3,3,4,4,2,3,4,5,4,2,2,4,1,1,3,3,4,5,2,3,1,4,2,5,4,3,3,1,1,0,0,3,0,2,1,2,1,1,2,3,5,1,2,5,0,0,0,3,5,2,0,3,0,1,2,0,3,4,0,2,0,0,2,2,2,2,3,0,1,2,3,0,3,2,0,1,4,2,3,2,0,0,4,0,1,0,3,3,1,2,0,0,3,0,1,3,0,160,110,57,90
84,17,0,3,5,3,2,1,3,1,2,0,3,0,5,2,4,2,4,3,2,2,4,2,3,5,1,5,2,3,5,3,1,4,4,2,1,4,5,2,2,3,3,3,2,3,3,2,3,3,5,2,3,2,1,1,2,2,3,4,3,3,3,2,5,0,0,2,0,2,4,1,1,4,3,0,1,0,4,0,0,0,1,0,2,1,2,2,1,2,0,5,1,5,3,4,0,2,2,0,2,2,1,4,0,0,3,1,0,2,0,0,3,2,1,2,4,0,1,3,1,0,0,1,2,1,0,2,3,1,2,1,2,164,109,76,103
85,15,0,5,3,4,0,2,3,3,4,4,1,3,1,5,3,2,3,0,2,2,2,0,3,5,2,3,0,3,0,2,1,1,1,4,1,3,3,0,3,3,4,4,2,3,2,1,3,3,2,5,4,5,5,2,2,2,5,4,4,4,2,4,5,2,4,2,5,0,2,3,2,1,5,2,4,2,4,3,1,2,3,4,3,1,3,0,1,2,3,0,3,3,3,1,2,2,2,4,2,0,0,2,4,3,4,2,3,4,4,2,2,1,0,1,2,0,1,3,3,1,3,1,0,4,2,4,0,5,3,3,5,158,167,89,83
86,17,1,4,1,3,5,5,4,4,1,1,2,1,5,3,1,4,5,1,2,4,3,3,1,4,3,4,2,1,4,5,2,2,3,3,3,1,5,2,4,4,5,0,3,3,1,3,3,0,3,1,1,3,3,1,5,2,2,4,3,4,4,0,2,0,3,2,0,5,2,0,4,2,3,2,2,0,1,2,3,2,4,2,5,3,1,5,3,5,1,2,1,2,4,0,1,3,2,2,0,2,5,0,1,3,2,3,2,5,3,5,2,2,1,0,3,3,3,5,2,3,4,0,4,4,2,3,1,1,0,1,0,169,156,81,102
87,16,1,0,3,1,2,0,2,2,0,4,2,4,3,3,3,3,3,2,2,2,2,4,2,5,3,1,5,0,1,2,0,1,5,0,3,0,1,2,0,2,2,2,2,4,3,1,3,1,3,1,3,1,4,2,2,4,1,2,5,1,2,2,2,5,3,4,3,3,0,0,0,0,2,1,3,3,4,1,0,3,1,2,0,4,0,3,1,3,0,4,2,3,4,0,0,1,1,3,0,0,1,0,3,1,3,2,0,0,3,1,4,3,1,0,1,2,3,4,2,5,0,4,1,0,1,4,0,3,1,3,0,129,127,95,88
88,17,1,2,4,1,3,3,3,1,2,3,3,3,4,3,1,0,2,3,0,4,3,0,3,2,1,4,2,2,5,2,2,2,2,3,2,2,2,2,0,0,2,5,1,5,3,2,4,2,2,2,3,4,1,4,1,4,4,2,3,0,2,3,2,0,4,2,1,2,1,1,2,2,1,1,3,0,3,3,1,3,0,5,2,4,0,4,3,4,2,3,3,0,2,3,0,1,1,2,0,0,3,3,2,0,0,3,5,2,0,0,4,2,5,1,0,5,2,0,1,1,3,1,2,5,5,3,3,3,1,3,3,142,145,98,89
89,17,1,2,1,1,1,3,4,5,4,4,1,2,4,5,1,0,1,2,2,2,5,4,2,1,5,3,4,3,4,0,0,1,3,2,0,3,1,2,2,0,2,1,5,0,1,3,1,2,2,2,1,3,2,4,0,2,2,3,2,4,4,5,0,5,3,3,3,3,2,3,2,3,4,1,3,4,2,3,3,2,1,2,2,1,0,0,4,1,5,4,5,3,2,4,3,2,5,3,2,3,0,3,3,2,4,1,2,5,0,3,3,3,3,4,5,3,0,1,4,3,4,4,1,0,4,0,3,0,4,4,2,136,184,72,94
90,15,0,4,1,1,3,4,1,0,2,4,2,1,4,1,3,1,5,5,3,5,5,0,3,5,0,5,2,3,0,4,2,5,3,2,5,3,2,1,4,2,5,1,3,1,2,2,4,3,4,5,4,3,3,5,1,1,4,2,2,4,5,0,0,0,2,0,2,1,0,2,1,0,1,1,1,1,0,3,0,2,2,3,0,1,1,3,0,2,2,1,5,4,1,1,4,4,1,3,5,0,0,1,2,3,3,3,2,2,0,3,0,4,0,0,3,1,4,3,2,2,2,3,3,4,0,3,0,1,1,0,1,170,116,86,101
91,16,0,2,3,4,2,2,3,4,3,4,1,2,3,2,3,5,2,1,5,5,2,3,4,2,5,4,4,3,5,3,2,5,1,0,0,2,3,4,5,2,2,1,1,1,3,3,3,0,2,1,2,4,3,4,2,3,3,2,2,4,4,4,0,3,1,0,0,4,0,3,0,4,1,0,3,1,0,2,1,0,4,0,5,4,0,4,1,0,0,4,0,0,1,1,1,2,1,1,2,1,2,0,1,1,0,2,1,2,0,2,0,4,2,1,3,2,0,3,3,0,0,3,3,1,0,1,3,4,0,1,0,165,104,95,90
92,16,0,3,4,5,3,1,4,1,1,4,1,2,2,2,2,2,2,4,3,4,1,4,5,3,2,2,1,4,3,4,2,4,2,0,1,4,0,4,2,1,3,0,1,2,0,4,4,2,5,4,2,4,1,2,5,2,3,0,0,0,3,3,3,2,3,4,3,3,3,0,3,2,5,2,3,0,1,2,2,4,1,2,2,1,4,1,3,1,2,3,2,5,0,2,1,0,2,2,3,0,2,5,2,2,4,2,1,1,3,5,3,5,3,0,1,1,2,5,2,4,0,2,2,1,4,0,1,4,5,2,1,146,160,87,107
93,17,0,5,5,1,3,3,5,4,2,1,4,1,5,2,4,2,2,1,4,2,4,2,3,2,3,4,2,2,3,5,1,2,3,1,0,2,5,2,0,4,2,1,3,2,3,2,1,5,4,5,3,3,2,3,1,4,5,3,3,1,2,3,4,2,1,0,4,4,2,5,5,2,0,2,2,0,5,1,4,0,3,4,4,4,2,4,3,0,4,5,1,3,3,4,5,4,1,5,3,3,2,4,0,2,3,4,5,2,0,3,1,2,2,1,5,3,3,3,5,5,0,1,3,2,4,0,2,3,1,0,1,164,183,93,92
94,16,1,3,2,3,4,5,5,2,3,4,4,5,3,2,5,3,2,3,5,4,3,3,5,5,3,3,4,3,2,3,3,5,2,3,3,5,5,3,5,2,3,4,4,2,3,5,5,2,1,2,4,4,1,3,5,2,1,5,3,3,0,3,3,1,2,4,2,4,5,1,5,0,5,5,1,1,3,4,1,2,0,3,1,4,2,5,0,2,3,1,1,0,3,5,5,0,0,3,4,3,1,1,2,2,2,5,4,3,3,4,0,3,2,3,3,3,1,1,3,4,5,2,3,1,3,4,1,3,3,2,2,199,176,103,106
95,17,1,3,2,2,2,2,2,2,2,2,5,3,3,3,4,5,1,3,3,2,3,3,3,0,2,4,2,4,4,5,1,1,2,4,1,4,2,1,3,2,3,1,3,1,2,1,1,5,1,3,1,2,1,2,1,3,0,2,3,3,3,2,5,2,4,0,2,0,4,3,1,2,0,0,1,5,2,1,1,4,3,1,2,0,3,2,3,0,2,3,1,5,2,0,3,0,1,3,4,5,1,3,3,4,5,2,0,3,3,2,3,1,1,3,0,4,1,1,0,2,3,1,1,0,4,2,2,0,1,1,2,144,141,84,90
96,15,1,0,1,4,3,4,2,4,3,4,5,4,2,4,2,1,1,4,3,3,1,3,0,2,1,2,2,4,3,0,3,4,3,5,0,2,3,1,4,0,3,3,2,1,3,0,4,0,2,1,0,1,2,2,1,0,2,3,1,1,3,2,5,2,1,2,1,3,3,1,5,1,5,0,3,0,0,1,2,3,3,4,2,1,0,0,1,3,5,3,4,4,3,2,2,1,0,1,3,3,5,5,2,0,1,1,3,2,2,1,4,5,3,2,2,2,0,4,4,0,2,1,1,2,4,4,2,1,3,1,1,132,155,103,99
97,16,0,3,2,1,2,1,0,2,2,0,1,1,0,1,4,2,2,0,3,4,0,3,4,2,2,2,2,2,1,2,0,0,3,0,2,3,4,2,0,1,3,1,1,1,2,1,0,0,2,3,4,1,3,3,3,4,3,4,3,2,1,3,1,0,2,0,0,4,1,0,2,0,0,0,1,1,3,1,1,1,3,1,0,0,0,3,1,1,1,3,1,1,0,2,1,0,2,1,0,2,2,1,2,2,1,1,3,0,4,3,1,2,3,0,3,1,3,3,0,2,1,1,3,2,2,0,1,1,1,0,0,111,93,74,90
98,17,1,3,4,3,2,2,4,3,1,3,4,3,3,1,3,3,1,3,2,2,1,2,3,1,4,4,1,1,0,1,2,1,3,0,1,0,2,1,2,2,0,2,2,1,1,0,0,3,1,1,2,4,3,2,1,2,4,3,1,2,2,2,4,4,0,2,4,5,2,4,5,1,3,5,3,1,2,4,1,1,4,3,2,2,5,2,4,2,3,3,4,1,3,0,1,3,4,2,3,3,4,1,3,2,2,2,4,5,2,3,0,1,4,0,2,2,1,4,2,2,4,1,4,0,2,1,4,2,2,3,2,119,178,71,96
99,15,1,4,3,4,2,1,2,1,1,3,5,3,2,0,4,3,3,3,1,5,3,0,2,1,0,5,2,1,3,2,2,3,2,2,2,1,1,1,4,2,3,1,2,2,3,3,2,5,4,3,2,2,5,1,5,3,3,2,3,4,2,2,1,1,0,3,4,2,3,5,2,3,4,2,2,4,4,1,2,4,3,3,2,2,4,2,3,2,1,3,5,3,4,3,3,5,2,5,1,1,5,4,4,5,3,4,4,4,3,3,1,1,0,2,5,3,4,3,3,2,5,1,1,1,0,2,1,2,2,1,5,149,190,89,105
100,17,0,1,2,3,1,3,2,4,1,4,0,4,1,4,5,2,3,3,4,3,2,3,2,1,1,2,5,2,2,3,2,4,5,2,4,2,5,4,2,4,2,2,1,2,3,0,3,1,2,2,4,3,3,2,5,5,3,5,3,1,4,3,0,4,2,4,2,3,4,1,3,0,0,0,0,1,0,2,3,3,5,3,2,2,2,2,5,3,0,0,2,3,3,1,2,0,0,2,1,0,1,1,2,2,2,1,0,3,2,3,2,2,2,0,3,2,2,2,0,3,4,3,2,1,3,0,2,1,0,3,2,163,129,111,116
101,17,1,4,4,2,1,0,2,2,2,3,1,2,0,4,1,4,4,3,1,0,4,3,2,3,3,4,4,3,3,2,3,3,3,4,1,3,3,0,1,3,5,2,1,1,1,3,2,2,2,4,3,0,4,4,3,2,2,3,3,1,4,0,1,1,2,5,3,2,2,2,1,2,2,0,1,3,0,3,2,5,3,3,2,4,2,2,5,0,3,4,1,4,1,3,5,3,1,1,5,1,2,4,1,2,1,2,4,3,1,1,4,3,4,1,2,1,3,5,4,4,1,2,0,2,3,2,4,1,4,5,3,147,169,85,93
102,15,1,2,1,3,3,1,1,0,2,3,1,3,2,2,2,5,1,4,0,0,1,1,4,2,3,3,4,2,2,2,3,4,3,3,4,3,2,0,3,2,2,1,1,2,1,3,2,1,3,4,2,4,0,3,2,1,2,2,0,2,4,3,2,2,3,2,2,4,2,3,0,2,1,2,0,1,5,3,1,0,3,1,3,5,2,0,2,2,3,1,0,0,0,1,0,1,4,3,0,0,0,4,2,3,0,1,2,2,1,3,2,2,1,0,3,3,3,0,1,2,1,2,2,3,1,3,2,2,3,1,0,129,124,80,94
103,15,1,4,2,3,2,3,3,1,1,3,2,5,4,3,1,3,0,4,2,2,5,4,4,2,4,4,3,3,3,4,0,3,1,4,5,5,2,2,4,2,3,2,3,2,3,1,2,4,3,5,3,3,1,3,3,4,3,3,3,5,2,5,0,2,1,3,3,0,1,2,0,0,4,3,2,2,5,2,3,4,2,4,3,3,4,1,2,3,1,5,1,2,4,4,2,2,2,2,1,1,2,1,2,0,5,4,2,1,1,0,3,3,3,2,2,3,0,0,2,2,4,4,2,1,1,3,1,1,4,2,0,173,152,84,82
104,17,0,1,2,1,4,2,4,4,2,4,2,4,1,3,4,3,0,2,3,3,2,4,0,2,2,3,2,4,1,1,5,3,0,5,2,1,2,0,1,2,4,1,3,3,4,2,1,5,2,3,3,1,3,3,1,2,3,2,4,2,3,3,4,0,0,0,1,2,0,1,1,2,2,4,0,4,2,5,4,3,4,1,2,2,2,3,2,0,0,2,0,3,0,2,2,3,0,0,5,3,2,4,3,3,1,0,2,1,3,0,2,1,3,1,2,0,4,1,3,1,4,1,3,2,0,2,2,2,3,1,1,146,132,102,98
105,16,1,1,0,2,2,0,3,2,2,2,1,1,2,4,1,1,0,3,1,4,1,2,3,1,3,2,3,1,4,0,0,0,2,1,3,2,4,2,2,1,3,1,0,5,0,2,3,3,3,0,4,3,0,0,4,0,1,2,0,0,1,2,0,2,3,0,3,2,1,4,0,1,0,4,2,1,3,2,0,3,1,1,2,3,5,3,0,2,2,5,1,3,3,2,5,0,2,3,1,3,1,3,1,1,5,0,4,3,5,3,0,2,2,2,1,3,1,5,2,5,2,2,4,2,5,3,1,3,4,1,4,104,160,107,104
106,16,1,2,2,1,1,3,5,3,2,1,4,3,0,5,2,3,3,1,2,2,0,2,1,2,2,2,4,0,0,2,3,2,4,3,1,4,2,0,2,2,1,1,3,2,3,2,2,0,1,2,4,2,0,4,0,2,2,2,5,5,4,1,1,0,4,2,0,3,5,1,3,1,1,0,2,0,1,5,3,3,0,4,5,3,0,0,5,2,0,3,4,2,4,0,0,5,0,1,2,2,3,4,4,5,0,2,4,3,5,3,0,2,5,3,2,1,3,4,2,2,3,3,0,2,2,1,2,3,4,4,4,130,163,88,106
107,17,0,4,4,4,0,3,3,0,4,4,3,1,3,3,2,3,1,4,2,2,1,4,3,3,0,0,5,1,2,2,3,2,4,2,4,2,4,0,2,2,2,0,3,4,2,0,0,2,2,0,2,2,1,3,2,2,4,4,2,2,5,0,3,4,2,0,0,0,3,1,3,0,2,3,0,1,2,3,2,0,1,3,3,1,0,1,3,2,0,2,4,2,1,3,2,1,4,0,1,2,1,2,2,0,0,3,2,1,0,0,2,2,0,1,1,2,0,3,2,0,2,4,0,1,0,3,4,3,3,0,1,140,110,98,91
108,15,0,4,4,1,3,0,1,2,2,2,3,2,3,1,2,3,0,2,1,2,1,2,0,0,3,1,3,1,2,3,1,2,2,3,2,1,2,1,4,1,3,4,2,5,0,3,1,3,0,2,1,1,0,3,4,1,0,0,3,4,3,3,2,4,2,4,4,1,0,2,0,3,2,3,0,1,3,2,0,3,4,4,5,4,0,5,4,4,3,0,1,3,3,1,2,2,3,0,4,1,1,0,2,1,3,5,3,1,4,5,3,5,1,0,3,4,1,2,3,5,0,4,2,1,3,3,2,2,3,2,3,116,169,103,117
109,16,0,3,0,4,3,3,3,3,2,4,3,5,5,5,4,1,3,3,3,3,5,4,3,1,2,3,5,4,5,5,4,2,2,4,4,3,5,2,1,3,2,4,3,5,3,5,3,3,0,0,4,3,3,3,1,5,3,4,4,3,2,3,1,5,4,5,3,3,1,1,1,0,3,0,2,1,1,0,3,2,1,2,0,2,0,3,4,0,2,2,3,1,3,2,3,4,0,2,3,3,2,3,3,2,5,1,2,2,0,4,1,0,0,2,2,0,1,0,4,1,2,1,1,3,1,1,5,2,2,1,2,190,135,114,115
110,16,0,4,3,3,3,1,3,2,2,0,2,2,3,3,0,1,2,4,2,3,1,3,2,3,4,2,1,3,4,1,2,1,4,2,2,4,4,2,3,3,3,1,2,2,0,1,2,1,2,3,0,3,3,0,1,2,2,3,2,2,2,1,1,0,1,5,0,3,2,2,0,0,4,2,1,3,0,1,0,1,1,5,3,3,1,0,4,4,4,2,3,2,1,2,0,0,4,2,4,0,2,3,2,2,0,3,4,4,1,1,2,4,3,3,0,1,1,2,1,3,4,1,3,2,1,4,3,5,3,0,2,131,142,90,99
111,16,1,0,3,4,2,2,1,4,1,2,1,3,3,1,3,3,2,4,2,5,5,1,1,4,0,3,0,3,4,2,2,2,3,3,2,2,3,1,3,1,4,1,2,2,2,2,4,1,5,3,3,4,1,2,1,0,3,2,3,4,3,4,1,2,0,1,3,4,3,0,2,3,5,2,1,2,2,0,2,4,3,5,2,0,1,2,3,0,0,4,2,2,2,1,2,0,0,3,3,1,1,1,2,3,1,0,3,2,0,3,0,3,3,0,1,5,4,3,1,2,2,0,2,3,3,2,2,0,0,2,1,143,132,90,101
112,16,1,1,1,2,1,2,0,3,5,2,2,4,3,1,4,1,2,4,1,1,4,5,2,3,3,0,5,0,1,3,3,2,4,4,2,4,3,0,3,1,2,1,4,5,5,3,2,3,1,4,2,2,3,4,4,1,1,4,2,4,1,2,3,4,0,3,2,0,0,1,3,1,1,2,3,1,0,0,0,0,2,1,0,1,0,2,1,0,0,1,0,1,4,2,3,0,1,0,3,4,5,1,3,0,1,0,0,0,0,2,3,3,1,0,2,2,1,1,2,4,3,5,3,0,4,2,0,1,2,1,0,150,104,102,115
113,15,0,5,3,5,5,2,3,5,5,2,4,0,4,2,3,4,2,2,2,5,3,2,4,3,5,4,5,3,2,5,1,3,3,3,5,2,5,4,3,2,2,2,1,1,0,3,5,2,3,3,1,5,3,4,3,3,3,3,5,4,0,4,0,4,0,0,0,0,2,1,2,3,0,3,1,1,0,2,0,0,3,3,0,0,3,0,4,3,0,1,3,0,0,0,4,2,2,0,2,0,0,1,1,1,4,1,3,0,0,0,0,2,1,0,3,0,3,0,0,1,0,4,3,1,3,1,1,0,2,3,3,186,95,107,98
114,15,1,3,3,5,1,5,5,4,2,3,3,3,1,5,3,4,4,3,4,5,1,5,3,3,0,5,3,4,0,2,1,2,4,2,4,3,2,3,0,3,4,3,2,4,2,0,3,3,3,5,0,5,3,3,3,2,2,3,0,4,2,0,0,5,3,0,5,2,3,3,2,1,3,2,4,0,4,1,4,0,2,5,4,5,2,2,0,0,2,4,2,3,0,2,1,5,0,3,5,3,3,3,2,0,3,2,2,2,3,2,4,0,3,3,1,5,0,3,0,2,4,0,1,1,5,3,4,2,3,2,3,172,163,104,99
115,15,0,2,1,0,3,4,2,3,1,5,5,0,2,3,2,2,3,3,2,4,3,1,2,0,2,2,0,0,1,2,2,1,3,4,2,1,1,3,2,0,3,1,3,3,1,2,0,0,3,1,1,4,4,3,2,4,1,2,1,4,0,2,1,0,2,2,1,0,1,0,2,1,0,2,3,2,1,3,2,1,1,2,3,1,2,0,0,1,3,3,0,1,0,2,5,0,3,4,3,4,0,0,3,4,0,1,1,2,5,1,0,3,2,3,2,5,3,3,1,2,1,2,3,0,3,3,1,0,2,2,0,122,122,81,87
116,15,0,2,4,5,2,2,2,2,5,4,3,2,2,5,2,0,4,5,2,3,1,4,2,5,2,2,3,5,4,1,0,4,4,2,4,5,1,5,3,1,4,1,1,0,3,2,1,1,3,2,1,3,4,2,2,2,4,5,1,4,3,2,0,2,2,1,1,3,3,0,0,4,3,2,3,3,3,2,1,2,0,2,3,2,1,1,1,3,3,3,4,0,2,3,2,2,0,2,2,3,4,5,3,1,2,0,4,4,3,0,2,3,1,2,3,3,2,0,0,4,2,5,4,1,1,0,0,3,5,5,2,163,150,78,90
117,15,1,2,2,2,2,3,0,2,0,0,1,2,3,3,2,4,3,2,1,2,0,1,0,2,3,3,3,2,1,1,2,4,3,5,2,2,3,3,2,2,3,2,2,1,4,2,2,0,2,4,2,1,2,1,3,3,3,1,3,2,3,0,2,0,4,0,0,0,1,3,2,1,2,0,0,0,2,2,0,1,1,1,2,1,4,0,1,4,1,4,2,3,2,1,1,1,0,2,1,0,0,2,0,2,2,0,1,2,0,0,0,3,1,0,1,3,0,3,1,2,0,2,2,5,2,2,3,2,1,2,2,126,98,76,101
118,16,1,2,0,1,3,5,5,5,2,0,1,0,2,3,3,2,2,3,1,1,4,1,3,0,3,3,3,3,2,3,1,1,2,0,1,5,4,2,1,4,2,4,4,4,0,0,1,1,1,2,1,2,3,5,1,3,2,0,4,1,0,3,3,0,3,0,1,2,2,4,4,0,3,2,1,3,2,3,3,2,4,0,2,4,0,0,3,1,1,2,2,1,1,3,1,2,3,3,4,3,1,1,4,3,3,1,0,0,3,0,2,3,0,4,1,2,4,1,1,0,2,1,0,2,2,1,0,1,1,4,1,128,130,110,112
119,16,0,5,4,3,2,3,2,1,5,4,2,4,4,5,4,2,3,1,3,4,1,0,2,4,3,2,5,1,2,5,4,1,4,1,3,3,4,1,2,1,4,5,2,3,0,4,2,2,2,3,4,3,0,0,4,3,3,4,3,4,2,0,0,5,5,2,0,2,0,2,0,4,2,5,1,2,3,2,0,1,2,2,1,0,1,2,4,0,1,2,1,3,3,1,3,0,3,0,4,2,2,2,0,2,0,0,4,0,0,1,2,0,3,2,0,1,1,3,0,0,0,2,3,2,1,4,3,1,1,4,0,167,115,98,109
120,16,1,3,3,5,0,3,3,2,1,0,4,1,5,2,3,2,4,2,2,2,4,0,4,4,5,2,3,4,3,4,4,0,2,4,0,4,1,2,1,3,0,3,1,3,1,2,2,3,4,2,4,2,2,4,0,2,1,2,3,4,3,3,5,2,4,0,2,4,2,1,3,2,4,0,3,1,2,3,3,4,2,2,1,4,2,1,1,3,0,1,4,0,0,1,3,2,3,0,2,4,3,5,1,0,5,2,2,5,1,2,3,0,2,5,0,2,3,0,4,4,3,1,0,2,4,2,4,0,0,0,4,149,153,68,92
121,17,0,4,2,4,4,3,2,5,2,3,3,2,2,2,3,5,3,4,3,5,3,2,3,1,1,2,5,1,2,2,3,0,3,1,2,2,1,4,5,3,2,1,3,2,2,2,3,0,2,2,4,3,2,1,1,5,3,2,2,4,4,4,3,2,2,3,4,0,2,0,2,2,3,5,1,5,2,4,3,1,1,3,0,2,3,0,0,1,5,2,2,3,2,2,0,2,2,0,0,0,2,0,0,2,4,0,0,3,1,0,3,0,2,1,4,0,1,4,1,0,2,1,4,1,2,1,1,1,1,1,1,157,122,96,94
122,14,1,2,1,4,1,3,3,2,2,3,3,5,3,3,3,5,1,1,4,4,2,4,4,0,0,1,2,4,2,0,3,4,3,3,1,2,4,0,4,3,3,5,2,4,3,5,2,0,1,2,4,2,2,5,1,1,1,3,3,0,3,5,4,1,2,0,4,2,2,0,2,3,0,0,0,0,1,3,2,4,0,3,1,3,4,4,2,3,2,2,2,3,1,2,2,3,1,1,3,0,2,4,2,3,2,0,1,2,3,4,0,1,4,2,1,1,1,1,1,2,0,1,0,4,3,1,5,5,3,0,5,151,141,95,111
123,15,1,2,4,5,4,0,2,4,4,3,3,2,2,4,0,0,4,3,5,4,3,2,5,1,2,1,4,2,2,3,4,1,2,1,2,1,4,0,5,3,3,3,3,1,2,3,2,4,2,2,4,2,2,1,0,4,3,2,3,3,4,4,0,2,1,2,1,4,4,4,2,2,3,1,2,0,2,3,1,4,2,5,0,0,3,0,3,0,1,3,3,2,2,2,2,1,0,2,1,2,3,1,0,1,0,2,3,2,3,4,4,2,2,3,0,1,2,5,1,5,4,3,3,2,1,0,0,1,1,4,4,156,143,90,112
124,15,1,3,5,4,1,5,4,4,2,2,0,4,5,2,1,2,2,1,3,3,1,4,4,4,2,5,4,4,3,3,1,5,5,1,5,1,5,2,2,4,3,3,5,2,4,4,2,1,3,5,0,2,1,4,1,2,4,0,2,4,3,0,2,2,4,3,1,5,1,1,0,0,2,0,0,0,0,0,0,0,0,3,3,1,3,1,0,3,0,1,2,5,0,2,0,2,0,0,2,4,2,3,3,0,0,0,5,1,1,3,1,1,2,1,0,1,0,2,3,5,0,1,1,1,3,5,0,1,0,1,0,173,100,87,100
125,16,1,4,3,3,1,2,3,2,2,2,4,1,1,4,1,2,3,2,1,3,2,1,2,0,2,2,1,1,2,4,3,2,4,2,2,5,2,3,0,3,3,5,3,4,1,2,1,4,2,4,4,3,2,3,2,3,4,1,3,1,4,2,1,1,2,0,3,3,0,2,5,1,0,0,1,1,3,0,1,5,4,3,2,2,3,3,4,2,0,0,1,2,0,1,2,0,4,0,2,1,0,0,4,0,1,0,1,2,1,1,2,0,2,0,2,2,5,0,4,3,1,1,2,2,1,0,2,2,3,2,2,146,115,98,82
126,16,0,4,1,1,0,1,2,2,1,0,1,3,3,4,5,3,5,2,2,4,3,3,1,3,4,3,1,4,5,2,3,2,4,2,2,3,5,2,4,0,1,3,2,5,3,2,4,5,3,2,1,1,4,3,3,2,1,1,4,0,2,1,1,2,3,3,4,4,3,2,3,3,1,0,4,1,1,2,4,1,2,2,3,2,1,1,1,0,3,1,5,1,2,4,2,0,4,1,0,0,3,2,3,2,2,0,4,2,3,3,1,2,2,0,1,0,2,1,5,2,4,1,1,5,1,1,1,2,0,2,0,152,136,103,102
127,17,0,3,0,3,3,1,3,3,2,4,5,3,4,1,4,5,5,4,1,0,4,2,3,2,1,2,5,4,5,4,1,4,3,3,2,5,5,4,4,2,0,5,3,3,4,1,4,3,2,5,4,5,3,2,4,4,2,3,2,3,5,1,1,2,4,4,2,0,0,2,5,2,5,5,1,4,4,1,0,5,3,2,2,4,3,4,3,1,4,2,3,4,5,2,0,0,3,0,2,3,4,3,0,2,3,4,0,4,0,5,3,4,5,2,5,4,3,1,2,3,2,4,1,0,2,1,3,3,3,2,3,186,179,75,82
128,15,1,3,5,2,2,0,0,2,3,1,3,3,2,4,0,1,3,2,1,1,0,3,3,3,2,1,1,5,3,2,4,3,1,0,1,4,2,1,1,4,5,3,2,2,2,0,0,1,3,3,3,4,2,3,2,2,4,3,1,5,2,3,2,0,2,2,4,1,0,4,1,2,4,3,2,0,1,3,3,2,2,1,2,2,1,1,3,1,3,3,2,5,3,4,1,2,3,5,4,1,3,3,3,2,4,3,3,0,3,1,3,1,1,2,3,0,4,3,3,1,5,3,3,2,2,0,2,4,4,1,5,134,165,68,86
129,17,0,2,1,2,4,3,0,2,3,4,2,3,2,4,4,1,2,3,2,4,4,1,4,4,2,4,5,3,5,3,3,4,3,3,0,5,3,3,4,3,0,3,2,2,3,2,2,2,3,2,2,2,2,4,4,4,3,3,3,4,2,1,4,5,5,5,0,5,2,3,1,0,3,2,4,2,2,1,0,0,3,0,0,1,0,1,0,0,1,2,0,1,2,2,3,2,2,3,0,1,1,3,1,0,4,0,3,2,2,2,3,4,2,0,5,4,4,1,3,2,0,0,3,5,1,0,0,0,1,3,3,168,131,99,104
130,17,1,3,3,3,0,2,4,3,3,2,2,2,3,3,3,4,4,2,2,3,3,1,2,2,3,4,1,3,4,0,5,3,2,3,0,4,2,3,1,2,5,1,1,3,2,5,4,4,2,3,5,4,2,4,3,2,3,3,1,3,3,4,1,2,0,5,1,2,3,2,3,0,2,3,4,5,5,2,3,5,2,5,0,4,4,0,4,2,2,3,0,0,0,0,3,2,3,2,3,4,2,2,3,3,0,1,3,2,4,0,2,3,0,2,4,2,5,5,0,3,3,0,2,0,1,3,3,2,2,1,1,162,159,114,99
131,16,0,5,5,2,3,0,0,1,3,3,3,4,2,2,2,2,2,0,0,1,2,2,2,1,2,5,2,2,3,4,2,1,3,2,4,4,3,0,2,1,3,3,5,1,3,2,3,4,4,2,1,4,3,2,1,3,1,4,5,2,2,5,3,2,0,0,1,4,0,1,3,2,2,2,4,5,0,2,2,3,1,4,1,1,1,5,1,5,0,3,3,0,2,4,2,1,5,4,3,2,2,2,1,0,1,3,2,3,4,2,0,2,1,0,0,2,4,5,2,2,0,1,2,0,4,1,1,3,3,1,4,145,147,85,94
132,16,1,4,3,4,3,4,3,3,3,2,4,3,0,0,2,5,4,3,4,4,4,3,5,5,4,3,3,1,4,1,4,3,1,2,3,2,3,3,1,3,3,4,5,3,5,0,2,1,2,3,2,4,3,5,2,2,5,3,5,1,4,5,5,0,5,3,0,2,3,0,1,4,2,1,3,1,3,2,2,5,3,2,2,1,4,3,2,0,2,2,2,4,3,2,3,1,2,3,3,0,2,3,3,4,2,2,1,2,5,5,2,2,3,2,2,4,1,0,3,3,0,4,2,4,1,1,5,2,2,2,1,180,166,93,103
133,16,0,5,3,2,3,2,3,1,2,4,4,3,2,3,0,2,4,3,0,0,3,2,2,1,4,0,2,0,4,3,3,3,3,5,2,2,2,4,3,2,3,3,1,5,0,1,3,0,4,1,1,5,1,2,2,3,4,3,2,3,3,4,5,3,1,1,5,3,3,2,3,1,2,0,3,0,2,3,1,1,1,3,2,1,1,0,1,1,4,4,1,1,1,2,0,2,2,0,2,4,2,1,2,0,2,2,1,0,2,0,2,4,2,4,2,3,2,1,0,2,0,2,2,0,0,2,1,3,3,1,2,146,126,73,70
134,15,1,3,5,2,4,3,4,1,3,1,1,2,1,2,3,2,1,1,0,5,3,1,4,2,0,5,2,4,5,4,2,4,2,2,3,3,2,4,4,4,5,1,3,5,4,2,5,4,3,2,1,2,2,4,4,3,0,0,4,2,3,0,2,1,1,4,2,0,1,1,0,1,1,2,3,2,1,3,0,1,1,0,2,1,3,1,0,4,0,1,5,3,2,1,0,3,2,1,1,1,0,1,0,3,4,2,1,3,0,0,3,3,2,0,3,5,0,4,3,0,3,2,1,2,0,0,0,2,2,1,1,163,109,78,103
135,16,1,4,1,2,5,0,3,1,0,1,2,1,0,2,1,2,0,2,0,0,0,4,1,1,1,1,1,1,3,0,1,0,1,2,2,2,1,2,2,3,3,2,2,2,0,1,4,2,2,3,1,2,4,2,5,1,2,5,5,1,0,2,2,1,3,5,1,0,3,2,3,2,1,1,2,2,2,2,3,4,0,2,1,1,0,5,2,0,3,5,0,0,2,1,2,2,0,0,4,4,2,2,0,3,4,0,0,2,2,3,3,1,1,0,2,1,3,2,1,2,1,3,0,4,0,0,0,1,2,2,3,105,125,89,91
136,16,0,3,4,3,2,2,5,2,2,3,1,3,4,1,1,1,2,2,1,2,2,2,4,3,4,1,2,3,0,3,3,2,3,3,4,1,4,3,4,1,2,1,4,0,3,0,5,3,1,3,3,4,3,4,1,2,1,5,3,5,3,2,0,2,2,0,1,3,3,0,1,4,0,2,2,1,1,3,2,1,3,0,1,2,3,3,5,3,0,0,0,0,1,2,1,2,0,3,0,1,0,4,5,4,0,5,3,1,4,4,0,2,0,0,0,2,3,5,0,2,4,3,4,0,1,1,3,4,2,5,3,152,134,112,111
137,16,1,4,5,3,0,5,5,1,3,4,4,2,2,3,1,5,3,3,4,0,1,3,4,2,5,5,2,2,3,1,2,4,2,2,4,4,2,2,3,4,5,5,3,2,4,3,2,3,5,4,2,4,2,4,5,3,4,2,3,3,0,2,5,3,0,2,4,5,0,0,0,4,1,3,2,2,3,1,3,2,1,2,2,3,3,1,1,2,2,1,4,4,2,3,3,3,1,1,3,2,2,1,5,5,2,4,2,0,4,0,3,1,2,3,4,0,3,3,3,4,5,1,2,1,3,1,2,4,4,5,1,182,166,98,95
138,16,1,4,3,5,4,4,3,1,2,0,2,1,1,1,3,2,0,3,2,2,4,3,1,1,5,3,1,4,3,3,2,4,3,2,2,3,3,2,3,1,3,3,3,1,3,0,2,2,4,0,3,1,0,1,0,3,1,0,1,4,1,0,3,2,1,4,1,1,2,2,2,5,3,1,2,3,0,1,5,1,0,0,4,2,1,2,2,2,1,2,3,4,3,1,2,3,3,5,2,4,1,0,2,5,3,2,3,2,4,1,1,2,4,1,2,1,0,2,2,1,4,1,1,2,2,3,5,2,4,3,3,132,154,96,110
139,17,0,3,5,5,2,1,3,3,4,2,5,3,2,2,0,3,3,1,2,1,1,2,5,1,1,3,2,4,5,4,2,1,3,1,3,3,1,2,1,1,4,1,5,3,3,4,0,4,3,3,3,2,3,0,3,0,3,1,1,5,3,1,4,0,0,2,0,1,0,4,0,1,2,4,0,3,3,1,3,1,4,1,1,2,1,4,0,0,2,3,4,3,2,3,1,4,3,3,0,0,2,1,1,0,3,3,5,1,0,2,3,3,2,2,4,1,3,2,3,2,3,0,3,1,5,4,3,3,3,0,0,150,139,82,84
140,15,0,4,3,4,2,2,4,1,2,1,2,4,2,5,3,4,4,5,2,2,3,3,1,5,2,4,4,1,2,3,2,3,3,2,3,2,3,2,5,2,4,3,5,4,4,5,2,0,2,3,3,3,5,2,5,3,3,1,5,2,4,4,1,0,0,0,3,5,3,5,3,4,3,0,0,2,5,0,4,1,1,1,2,1,3,4,3,4,3,1,3,0,4,2,0,3,5,2,2,1,1,2,3,2,0,2,4,2,1,4,4,3,2,2,3,0,0,2,4,5,4,1,2,0,2,1,2,1,1,2,3,179,153,80,100
141,17,0,5,4,1,4,3,5,2,3,3,4,3,2,4,3,4,3,4,2,4,3,4,2,3,2,0,0,3,1,5,2,2,3,2,5,3,4,3,5,4,2,4,3,3,4,3,5,2,2,4,3,2,3,5,2,3,1,3,3,3,3,1,1,1,2,1,2,3,2,1,2,4,1,2,2,2,0,0,1,0,0,0,1,1,3,2,4,2,1,4,5,3,3,3,4,0,1,1,0,2,2,4,1,5,4,0,3,0,3,3,4,2,0,1,0,2,4,2,0,1,3,2,1,0,1,3,2,3,2,2,2,182,130,96,115
142,16,1,0,3,0,2,3,5,4,4,1,3,1,4,2,1,4,4,1,4,0,3,3,3,2,3,3,2,3,2,2,1,2,3,2,3,0,2,3,3,4,4,4,2,5,1,2,1,2,2,2,1,2,2,2,2,4,2,1,3,1,1,4,3,1,0,0,1,1,4,0,2,3,5,3,3,5,5,4,3,0,1,2,2,4,5,3,3,1,2,4,2,5,1,2,2,3,4,3,4,5,5,3,3,3,2,2,3,4,5,2,2,4,0,4,1,5,1,5,5,3,5,3,5,4,5,2,1,2,5,2,3,141,204,97,116
143,17,0,3,1,4,2,5,3,5,2,3,2,5,4,1,1,2,3,0,3,4,2,3,1,3,3,3,4,5,5,2,4,5,2,2,3,3,3,3,0,3,4,0,2,3,0,2,1,2,3,3,3,2,4,2,2,5,1,2,3,4,2,1,0,4,3,1,1,2,0,1,1,4,3,2,5,2,5,4,2,5,5,4,4,5,1,0,0,1,2,2,1,1,2,2,3,2,2,2,2,3,2,2,3,0,0,2,0,0,1,0,2,3,3,4,2,1,3,2,5,2,4,2,0,1,2,1,2,2,0,1,3,162,145,115,116
144,17,0,2,1,2,2,1,4,0,1,1,5,5,2,4,1,3,5,2,4,0,3,5,4,5,0,1,2,0,3,0,2,0,1,3,2,3,3,1,1,5,0,0,1,1,3,2,3,4,1,1,1,2,3,1,3,1,0,1,1,3,2,1,1,0,2,1,2,4,0,0,3,0,2,3,0,1,3,1,1,0,3,1,3,3,1,4,1,1,4,1,3,0,3,0,3,0,0,2,2,3,0,2,2,3,2,2,1,2,5,2,3,3,0,1,0,4,3,2,2,0,3,2,0,3,5,1,2,1,2,0,1,123,122,106,101
145,16,0,4,2,1,1,4,4,2,3,4,2,2,3,0,2,1,3,4,2,1,3,3,2,4,3,5,2,3,3,2,2,1,1,2,0,4,0,2,2,2,3,0,5,3,1,1,5,1,1,0,3,3,2,4,4,4,2,3,3,3,1,0,1,3,0,0,2,1,1,1,0,2,4,3,0,0,0,0,2,0,0,2,0,5,2,0,0,1,1,2,3,3,0,0,2,1,0,0,0,0,3,0,0,0,1,1,3,0,1,1,0,0,1,0,0,0,1,0,4,0,0,2,2,1,0,2,1,2,2,0,0,143,70,65,105
146,17,0,1,2,3,3,3,5,3,2,5,4,0,4,1,5,2,4,1,1,3,3,3,3,3,2,4,3,3,4,3,2,4,3,5,2,4,3,2,4,1,2,1,2,5,4,2,4,2,2,5,4,4,2,3,5,3,3,4,3,3,3,0,0,2,1,3,0,2,2,2,2,3,0,2,4,4,0,1,2,1,1,0,3,4,2,1,1,3,3,1,3,4,0,0,3,1,0,0,4,2,4,2,3,3,2,1,0,5,4,1,0,2,1,1,1,5,1,2,2,0,2,1,2,2,3,1,0,2,1,1,0,179,122,98,121
147,16,1,1,2,1,2,0,2,0,2,0,4,2,2,2,4,2,1,3,0,3,3,1,4,2,2,1,1,1,0,1,1,3,2,2,2,1,1,4,2,2,3,2,2,1,3,3,3,2,3,0,0,2,1,3,3,5,1,1,2,4,0,3,5,2,3,0,2,4,0,2,0,2,3,0,2,5,3,0,2,3,0,2,4,3,5,1,4,1,4,2,3,4,4,0,3,4,1,0,5,3,3,5,2,0,0,3,1,2,1,4,2,2,0,4,3,1,2,0,3,5,2,0,1,3,4,5,1,0,4,5,1,113,163,80,95
148,16,1,3,3,3,5,1,3,3,3,3,0,2,3,1,4,2,1,1,3,1,4,2,1,2,2,4,4,3,1,1,5,4,4,4,2,2,4,1,0,4,4,4,5,1,2,3,4,5,2,4,1,1,3,2,1,2,2,3,5,3,4,1,2,3,1,3,2,3,3,2,3,1,1,2,4,0,0,2,1,5,2,1,1,2,1,3,2,2,1,2,4,1,2,2,0,3,1,4,0,1,0,1,3,5,4,2,0,2,2,1,3,0,1,3,1,2,0,1,4,1,4,3,2,1,3,0,3,2,2,5,2,160,137,82,92
149,17,0,3,1,2,1,2,0,4,1,2,1,2,0,3,4,1,2,3,2,0,1,0,2,1,1,0,3,0,1,3,1,4,2,1,4,1,0,1,4,3,0,1,1,3,2,4,1,0,4,5,4,0,4,2,2,0,4,4,1,1,2,3,4,1,2,3,1,0,0,0,1,4,1,5,0,3,2,2,0,1,2,3,2,0,1,0,3,2,1,5,1,2,3,2,3,0,0,1,3,3,0,4,0,0,2,1,2,2,3,1,3,3,0,1,3,0,1,1,2,0,1,0,0,2,1,0,0,0,2,2,2,112,109,73,107
150,17,0,1,3,3,3,3,5,1,4,2,4,3,0,1,2,4,1,4,0,2,3,3,1,3,4,5,2,3,3,1,3,2,5,3,4,3,2,3,2,4,3,1,4,4,5,4,4,5,1,3,3,3,4,1,4,2,5,0,3,5,5,1,3,0,2,0,2,3,2,1,2,3,1,2,1,3,2,0,2,0,3,2,1,2,0,2,1,0,2,3,0,3,1,4,4,0,1,4,1,0,0,5,2,2,0,4,2,0,3,1,0,2,1,0,1,1,0,0,2,4,3,1,0,0,2,1,0,0,3,4,0,174,108,90,109
151,16,0,2,3,0,3,3,2,0,5,3,2,2,3,3,2,1,3,1,4,0,0,2,2,2,3,2,1,4,2,4,2,1,1,2,1,5,2,1,2,2,4,2,3,0,1,2,1,2,0,3,4,3,3,0,2,0,0,3,1,3,2,4,1,1,0,3,3,0,3,2,0,4,4,1,4,0,5,1,4,1,0,1,4,3,2,1,2,2,0,0,1,2,3,2,3,0,4,2,2,1,4,4,2,1,1,3,3,2,3,2,0,4,3,4,1,1,1,4,3,0,1,1,4,5,1,2,3,1,3,0,3,122,146,96,116
152,17,1,3,2,3,3,2,3,3,5,2,3,3,3,2,2,2,3,5,2,3,2,2,3,5,4,1,2,3,4,3,5,0,2,2,3,3,2,2,3,0,3,3,0,3,2,3,5,2,1,3,3,4,5,3,3,5,4,3,1,2,4,3,4,3,1,3,3,0,0,3,1,0,1,4,3,2,3,2,1,0,4,3,0,3,3,0,2,0,0,1,1,3,5,2,3,3,1,0,0,0,4,2,1,4,1,2,1,2,2,1,2,2,0,4,3,2,2,1,1,2,1,5,3,0,2,3,0,0,1,1,2,167,128,102,101
153,15,1,5,3,2,2,3,4,4,4,3,3,2,3,1,5,3,3,5,3,4,1,4,1,3,3,3,1,1,3,3,2,4,5,3,4,5,1,4,4,1,3,4,2,1,0,5,1,0,2,1,3,2,3,1,2,1,4,3,3,5,4,3,3,0,1,4,1,0,4,0,1,3,5,2,1,3,0,3,0,1,4,1,5,4,4,4,0,1,1,2,4,0,4,1,2,4,5,2,1,4,3,1,1,3,0,2,1,2,1,2,1,2,3,1,0,3,3,3,0,3,0,2,2,3,3,2,3,2,4,1,2,168,147,110,100
154,16,1,0,2,3,0,2,1,3,1,2,1,3,2,1,0,4,2,0,3,1,1,5,3,3,1,3,0,1,2,0,2,3,4,2,1,3,0,1,4,0,2,3,2,5,4,1,1,1,2,1,1,1,0,1,2,5,3,2,1,2,2,2,1,1,1,5,2,3,4,3,0,4,3,3,3,2,5,1,3,0,4,0,0,0,0,2,4,2,2,4,3,0,2,2,5,1,3,3,1,4,2,3,1,3,2,0,1,1,1,1,2,0,1,1,3,3,0,3,4,2,0,0,0,1,4,3,1,1,0,3,3,112,138,89,110
155,16,0,2,1,2,5,3,1,2,3,3,4,0,0,2,1,2,2,4,1,2,3,4,5,1,3,4,4,3,4,3,2,0,1,2,1,2,1,4,2,4,2,3,4,2,4,5,2,5,1,4,3,2,4,4,5,1,3,3,4,3,3,3,4,4,2,0,2,2,1,2,0,4,5,0,1,4,2,0,2,2,5,5,0,3,0,3,1,2,5,2,1,4,2,1,1,2,5,5,3,2,4,4,4,2,3,1,4,2,4,2,4,3,0,3,1,5,1,2,1,4,1,0,1,4,2,5,5,3,4,1,4,160,176,105,91
156,17,0,2,2,3,4,3,4,1,2,3,1,1,1,2,0,2,3,3,2,1,4,2,2,5,2,5,1,3,2,1,5,0,1,3,5,2,3,4,2,3,3,3,0,4,3,1,5,2,5,1,3,4,3,3,2,2,2,5,2,2,2,4,0,1,0,4,1,2,4,0,1,0,2,5,3,2,4,2,1,2,1,2,2,5,2,1,0,0,0,1,0,2,1,3,1,5,2,2,0,5,2,1,2,2,5,2,3,2,2,5,2,5,3,0,3,1,1,4,0,2,5,2,0,4,2,3,0,5,3,0,3,152,147,68,117
157,16,0,4,3,1,2,2,2,3,1,2,2,3,4,3,2,3,0,2,2,4,2,1,4,1,0,2,2,5,5,2,4,3,4,5,3,2,5,4,5,3,1,5,3,2,3,4,5,2,1,5,0,4,4,1,3,3,3,4,1,3,3,4,1,3,3,0,2,3,2,0,0,2,0,1,1,0,3,4,0,0,2,1,1,3,0,0,1,0,2,4,2,3,5,4,4,1,3,1,1,0,2,0,0,3,1,3,0,3,2,2,1,0,1,0,3,1,1,1,1,3,3,2,2,4,1,0,0,5,1,1,2,167,116,80,105
158,16,1,3,3,4,2,3,1,3,1,2,3,2,2,4,2,3,3,2,4,2,3,4,3,4,4,4,2,4,4,4,5,5,3,3,4,5,2,3,1,1,5,1,2,3,4,2,0,4,1,3,4,2,4,3,4,2,4,3,4,4,2,5,4,2,1,0,1,0,1,2,0,1,1,2,5,3,0,4,4,3,0,2,3,4,5,2,3,2,3,4,1,3,4,2,3,3,2,1,4,0,2,3,2,0,0,4,5,0,1,1,3,0,0,2,4,1,3,3,2,5,1,3,4,5,2,4,1,0,1,0,2,178,154,84,103
159,16,0,0,4,3,3,2,4,3,4,2,0,2,3,3,2,3,1,2,3,3,1,0,4,1,2,3,2,4,4,0,1,4,0,3,2,3,3,4,3,3,3,3,1,4,0,3,4,4,2,5,3,0,2,3,0,1,2,1,2,2,4,2,0,4,3,3,1,2,1,2,2,2,0,1,0,3,3,2,0,3,0,3,1,1,1,4,0,3,3,3,2,0,0,4,1,3,5,4,0,0,3,2,0,3,4,0,0,1,0,3,2,0,2,1,3,3,3,0,2,0,3,2,3,1,1,0,2,0,2,3,0,143,121,58,92
160,17,0,0,0,2,2,2,2,2,2,1,5,0,3,3,1,0,1,3,0,0,1,4,1,4,3,3,1,3,4,1,4,2,3,3,4,3,2,0,0,2,4,4,2,0,4,0,2,2,2,3,1,3,3,1,2,1,4,2,3,2,1,1,1,0,2,0,0,1,5,0,2,2,2,1,1,5,1,4,1,2,4,2,2,4,4,1,0,1,1,0,3,3,1,5,3,4,2,0,1,1,1,3,2,2,4,1,5,2,2,3,0,4,0,2,0,3,4,2,0,2,2,1,2,2,1,3,3,2,4,4,1,123,140,84,104
161,16,1,4,1,2,4,5,2,3,4,1,1,2,3,2,4,2,3,0,2,1,1,1,4,3,0,4,4,2,1,5,5,2,2,3,1,5,0,4,2,2,4,0,2,5,2,1,1,0,4,2,1,5,2,4,2,2,1,5,4,4,3,1,3,1,1,4,2,2,4,1,0,5,2,0,2,2,1,3,2,0,1,0,0,0,4,0,2,1,2,1,0,3,0,1,1,3,0,2,2,1,5,0,1,3,3,1,3,2,2,3,0,2,1,2,1,0,2,3,3,3,3,5,0,2,2,2,3,1,2,3,1,151,124,87,115
162,16,0,4,1,1,2,2,4,2,0,2,1,0,0,2,3,0,1,3,2,2,3,0,1,3,3,2,5,4,2,0,1,0,2,1,3,0,1,5,1,2,1,0,4,3,0,1,1,1,1,1,0,4,1,0,0,1,2,3,4,2,0,4,2,4,4,0,4,1,0,0,0,5,0,3,5,0,3,1,5,0,2,4,4,3,1,3,0,4,0,4,3,5,1,2,2,0,1,0,2,2,4,3,0,4,2,0,0,3,4,5,3,1,2,1,3,5,1,4,4,1,3,0,3,1,3,2,2,3,4,4,0,101,159,93,89
163,17,0,2,3,2,3,2,2,4,4,2,5,3,0,2,0,2,3,5,4,4,1,4,2,3,3,2,2,1,4,4,3,2,3,1,3,1,5,5,2,5,1,3,2,2,4,2,5,1,4,4,2,2,3,2,1,5,4,2,5,4,1,4,2,3,2,1,2,2,3,3,0,1,0,1,1,0,0,1,0,2,0,0,2,1,1,3,2,2,2,3,1,3,2,2,2,0,5,0,0,2,3,0,1,1,3,4,1,0,1,2,1,1,4,3,3,3,2,0,2,1,3,3,2,0,0,1,2,3,2,2,2,167,117,92,100
164,16,1,1,1,2,1,3,2,3,1,3,1,3,2,0,3,4,5,3,2,3,3,5,2,1,4,2,3,0,2,4,0,2,0,2,5,3,4,0,2,2,1,3,3,2,1,2,0,2,3,3,2,2,3,4,3,4,2,4,3,2,2,1,3,0,5,2,2,0,3,1,0,1,1,0,3,1,1,0,2,2,2,2,1,2,0,0,3,0,0,1,1,3,4,2,3,2,3,1,0,1,1,2,3,2,0,0,2,2,0,1,0,2,4,3,0,0,0,3,2,2,4,0,1,1,2,0,1,0,0,3,1,140,101,86,91
165,16,1,3,3,3,2,5,3,4,2,4,5,4,5,2,4,2,2,3,3,4,4,3,4,3,4,4,3,5,2,5,2,1,3,2,1,1,2,1,3,3,5,3,4,2,3,5,5,4,0,5,5,3,0,2,4,2,2,5,3,2,2,0,1,2,0,2,2,1,0,1,0,1,1,5,1,2,3,3,0,0,1,2,0,2,0,0,3,2,2,0,3,1,1,2,3,3,3,3,3,3,3,3,1,2,2,2,0,3,1,2,0,0,3,3,0,0,2,3,0,2,3,0,1,1,0,3,2,5,2,0,0,185,111,94,85
166,17,0,0,2,3,3,3,2,2,2,1,3,0,2,1,5,1,2,5,4,1,4,4,3,2,2,3,4,4,2,3,1,3,3,2,2,0,1,1,4,4,4,4,3,5,0,1,4,3,3,2,0,4,3,3,2,1,4,4,2,2,4,3,2,4,2,4,0,1,1,0,0,0,0,2,0,2,2,1,2,0,0,2,0,1,3,0,0,2,1,3,0,1,3,0,2,2,3,2,2,3,1,2,3,3,2,0,0,1,3,1,0,4,2,1,0,2,3,1,1,0,1,0,3,3,0,0,4,1,1,2,1,152,102,83,89
167,16,0,2,3,1,0,2,2,1,1,3,0,2,1,1,2,3,0,1,0,2,2,0,4,0,3,5,1,1,0,1,5,0,2,2,2,0,0,1,4,4,1,1,0,5,0,5,1,2,1,1,2,1,2,4,4,1,4,2,2,0,2,2,1,2,2,4,0,2,0,1,5,2,3,1,1,1,1,0,0,0,2,3,0,4,4,2,2,1,2,1,1,0,5,3,3,1,0,2,2,2,2,4,1,0,4,1,0,0,1,3,2,0,1,2,2,3,2,3,4,1,0,2,0,3,3,1,3,3,0,0,4,105,123,115,108
168,17,1,2,3,2,3,1,3,4,1,0,3,3,4,2,5,3,2,3,2,2,3,2,1,4,3,2,2,0,3,3,4,5,3,3,2,2,4,3,3,4,2,5,3,2,0,4,3,2,1,3,3,3,1,4,4,5,4,1,3,2,2,4,4,3,1,0,3,2,3,4,1,3,2,3,2,3,4,2,0,1,1,5,1,2,2,4,2,2,0,1,2,0,1,1,3,1,2,2,4,0,3,1,4,2,4,3,1,0,3,1,0,0,0,2,0,1,1,2,2,3,1,2,1,0,2,1,0,2,1,0,4,161,128,90,97
169,15,1,3,1,2,2,0,3,2,2,0,3,1,2,1,2,1,3,1,4,2,1,0,2,2,2,0,0,1,0,2,1,1,2,3,1,2,1,3,3,2,0,0,2,0,4,3,1,3,4,1,0,1,0,3,0,2,3,3,1,4,2,1,4,3,3,3,0,0,3,1,5,0,3,2,1,0,3,3,2,0,3,2,3,0,3,2,1,4,2,2,0,0,0,3,1,2,2,2,0,1,2,0,0,4,4,3,1,3,1,2,1,1,0,2,3,3,2,2,2,3,2,1,0,3,0,0,2,3,2,5,2,101,129,108,92
170,16,0,3,2,3,2,2,0,4,2,4,3,2,2,0,2,3,3,0,1,1,2,1,1,2,4,3,3,3,2,5,1,3,3,2,1,2,3,3,0,2,2,1,3,4,3,2,1,3,3,3,2,2,3,5,3,2,2,1,1,1,2,2,3,1,3,1,4,1,2,2,4,1,5,2,2,2,2,3,2,2,5,5,3,3,1,3,3,2,1,3,3,2,4,5,0,1,0,2,2,2,3,1,1,2,3,1,3,4,2,3,1,4,5,5,1,5,3,2,1,2,4,5,2,4,5,1,1,4,1,4,4,134,181,66,84
171,16,1,2,2,5,2,0,1,5,5,0,1,0,1,3,3,0,3,5,5,2,0,2,4,5,1,3,3,1,4,2,4,3,2,5,2,0,2,3,3,4,5,1,3,5,5,2,4,2,2,3,2,5,5,4,3,3,4,0,2,1,4,2,3,3,1,2,4,1,0,0,0,1,3,2,4,3,1,5,4,2,2,3,1,2,2,2,5,3,3,3,2,1,0,5,4,4,2,2,4,1,3,1,0,4,3,0,3,0,5,2,3,3,4,2,2,1,4,2,3,4,3,5,4,3,5,1,3,3,2,5,2,163,177,66,89
172,17,1,0,5,1,2,0,3,3,1,1,3,4,2,4,2,2,3,0,4,5,4,2,4,3,3,2,1,2,2,2,3,4,3,4,1,3,2,2,5,0,2,3,2,3,3,3,3,0,1,4,1,1,4,4,4,3,5,3,3,0,3,2,1,2,1,3,0,1,1,0,3,1,2,1,1,1,3,1,1,0,1,0,2,3,1,0,0,5,4,3,1,1,1,3,1,0,2,4,5,3,2,1,1,3,2,1,1,2,3,1,3,0,1,3,4,2,1,1,0,2,2,1,4,2,2,1,1,2,1,4,1,152,120,87,101
173,17,0,4,4,2,2,5,2,0,3,1,1,3,4,5,3,3,5,1,2,4,3,2,2,0,0,3,2,0,3,2,3,2,3,2,0,0,3,1,5,2,2,2,2,0,3,0,2,2,2,2,1,4,1,3,0,1,4,2,5,0,2,2,2,4,0,1,1,0,0,2,1,0,4,0,1,3,0,0,0,0,1,0,0,1,2,0,1,3,2,0,4,0,3,0,1,2,4,4,1,1,0,1,1,4,2,1,0,0,1,0,0,3,0,1,3,0,0,3,0,4,1,0,0,2,2,3,2,0,1,1,2,132,89,94,96
174,17,0,4,3,1,5,2,4,4,5,4,1,5,4,3,4,4,3,5,0,3,4,3,1,5,3,4,4,3,4,2,3,5,3,0,2,2,3,4,1,3,5,2,3,2,4,2,5,4,1,3,2,1,5,3,5,3,3,5,2,3,3,2,2,2,3,2,3,4,0,4,0,0,0,3,0,1,3,4,0,2,1,0,1,2,0,3,1,0,1,1,2,1,0,0,0,2,0,0,4,3,0,0,1,0,1,0,0,1,1,3,0,0,4,1,1,3,0,2,0,3,2,0,1,0,0,0,0,1,2,3,2,189,89,107,116
175,15,1,3,4,5,2,5,3,1,1,3,2,1,4,3,4,2,5,2,5,1,0,0,4,2,4,2,1,2,2,4,4,2,1,5,5,5,3,3,3,2,2,3,3,1,2,4,2,5,5,0,2,1,2,5,2,4,3,1,2,5,5,3,3,0,4,1,0,4,4,0,1,4,2,3,3,1,3,2,4,2,3,1,3,3,3,0,0,3,2,2,5,1,2,0,1,2,2,1,1,1,3,2,3,1,0,2,4,4,4,3,3,0,2,0,4,5,0,1,1,2,3,1,1,0,2,2,2,3,1,3,4,169,146,82,90
176,16,1,3,3,5,1,1,2,1,0,4,3,4,3,5,2,4,2,3,2,4,4,2,2,1,0,3,3,2,2,2,3,3,3,2,2,2,2,2,3,5,3,1,3,0,2,5,2,1,3,3,3,1,4,2,4,4,3,0,0,1,3,2,0,3,3,4,0,1,4,4,3,1,3,5,0,5,4,4,3,3,2,1,0,2,3,2,4,3,3,3,4,0,4,1,2,3,1,2,1,3,1,4,4,2,3,4,2,2,3,2,5,2,1,4,5,5,4,1,2,1,5,5,3,4,5,3,3,2,3,3,3,148,192,81,103
177,16,0,3,1,4,3,2,3,4,3,1,4,5,1,1,2,1,4,1,1,3,2,5,1,4,2,5,5,4,5,5,3,4,1,3,5,4,2,3,3,2,2,3,3,1,1,3,3,3,2,3,4,1,4,3,0,5,4,2,2,2,5,0,4,2,2,2,2,4,5,2,2,2,4,5,1,4,5,2,3,3,4,3,1,2,1,2,0,2,5,0,3,4,3,2,0,1,1,2,1,2,1,1,5,1,1,4,2,2,4,2,5,3,2,1,4,4,2,1,3,0,3,5,1,3,1,4,5,5,4,0,2,171,174,99,96
178,16,0,1,4,3,4,1,5,2,2,2,4,2,2,2,1,2,1,4,2,4,2,4,2,2,3,5,4,3,1,4,1,4,2,4,1,0,4,1,1,2,0,4,1,0,5,4,4,1,4,4,1,2,1,4,2,2,3,3,3,5,2,0,0,0,3,1,0,2,1,0,3,1,0,0,2,2,1,0,0,1,0,2,5,0,0,4,2,0,1,1,1,3,0,0,0,0,1,2,2,1,1,0,1,3,2,0,0,1,1,3,1,3,1,0,0,2,1,0,2,1,1,0,0,1,0,2,0,3,3,0,2,153,77,102,121
179,17,0,3,3,2,0,3,1,0,0,4,2,2,3,2,1,2,1,1,0,0,2,2,5,3,3,2,2,2,3,0,3,4,1,0,0,1,4,3,1,2,1,2,3,0,1,0,3,4,2,2,3,3,1,3,2,3,0,5,2,3,5,3,5,0,1,3,3,3,3,2,5,2,2,2,0,4,2,3,0,3,1,4,3,3,4,5,2,0,2,1,5,3,1,0,3,1,3,1,1,2,1,2,4,2,4,1,2,0,2,1,1,1,1,3,3,2,1,4,4,2,0,0,4,1,1,1,2,0,2,3,2,121,148,90,102
180,16,0,4,2,4,5,2,3,2,2,5,2,5,0,5,3,4,5,1,2,2,1,3,3,1,4,4,3,1,4,2,5,0,3,5,2,5,4,2,5,4,5,2,4,0,5,3,4,1,3,1,3,2,4,3,4,4,5,2,4,3,3,2,2,1,0,1,1,0,0,0,3,1,3,0,0,0,1,2,3,3,4,1,1,0,1,0,3,1,0,3,3,1,0,1,2,2,1,3,2,1,3,0,2,0,1,5,3,2,4,3,0,3,0,2,0,3,0,0,3,2,1,5,3,2,3,2,0,2,3,1,1,184,112,90,80
181,15,0,3,1,0,4,1,4,2,2,2,2,3,2,2,2,2,3,3,3,0,3,4,1,2,0,3,4,3,1,4,1,3,2,1,0,0,0,1,0,1,1,0,4,3,3,4,2,3,4,3,1,3,4,1,1,3,0,3,3,1,2,3,1,1,1,2,2,3,5,1,0,2,3,3,3,3,2,1,3,0,4,4,3,2,2,3,1,3,4,3,0,2,4,4,3,0,0,1,3,1,3,5,4,5,2,5,5,4,2,3,5,4,1,3,1,3,1,4,2,2,2,4,5,2,4,2,4,2,5,1,2,124,183,109,110
182,16,1,4,3,2,4,3,5,5,2,5,4,5,2,2,3,4,3,4,4,2,1,5,3,2,1,4,4,1,3,4,3,4,0,2,4,2,2,2,2,4,4,2,5,4,1,5,5,5,4,4,3,4,3,4,3,5,5,5,3,5,2,2,1,1,3,5,0,2,1,5,3,1,2,1,0,1,4,3,1,0,4,3,0,2,2,2,0,0,1,3,1,3,2,1,4,3,3,1,2,3,4,2,3,4,0,2,2,0,3,5,5,0,3,5,1,4,4,4,3,4,2,1,2,3,2,4,3,1,2,0,2,200,156,84,106
183,15,0,3,4,4,3,2,5,5,3,5,4,5,5,5,3,4,4,3,3,0,2,2,5,3,5,1,4,5,3,4,5,4,4,3,5,4,5,2,4,2,3,4,5,4,5,5,4,3,5,4,5,5,3,3,5,3,2,4,0,4,2,3,4,2,4,2,2,2,0,2,1,0,0,2,0,3,2,3,4,2,0,3,3,0,0,0,2,3,1,4,1,2,3,3,0,2,0,1,0,0,2,4,4,2,2,3,2,1,0,4,4,0,2,4,4,2,2,3,3,0,2,1,1,1,0,0,0,1,2,3,2,220,127,93,97
184,17,0,2,3,4,3,4,4,1,2,1,3,0,3,3,3,0,2,3,2,3,1,1,3,3,2,1,3,5,1,1,3,3,3,1,3,4,4,2,2,1,0,3,3,3,1,3,2,2,2,2,2,0,3,1,4,1,2,1,3,2,1,2,2,3,0,1,4,1,0,2,2,1,2,0,0,1,2,5,0,3,5,1,3,1,2,2,0,1,5,4,1,0,2,4,3,3,3,4,4,1,3,5,5,1,0,5,0,1,1,1,1,4,5,3,5,2,0,1,1,1,1,3,3,0,1,4,3,2,1,1,4,134,148,64,90
185,15,0,3,2,2,1,4,4,3,5,3,3,2,3,3,2,4,3,4,2,0,1,4,3,3,4,3,1,0,2,3,2,3,4,2,5,1,5,2,5,3,4,5,1,3,4,2,5,3,3,2,3,5,4,4,4,4,3,2,2,4,2,2,2,0,5,2,3,2,1,3,2,3,1,3,3,5,4,3,1,4,5,3,3,4,2,4,1,3,4,0,2,0,1,5,2,5,3,0,2,4,0,3,3,3,2,2,2,3,2,1,3,3,2,2,5,1,2,5,1,2,2,2,2,3,3,1,2,0,2,4,1,178,171,106,99
186,16,0,0,4,0,0,3,0,0,0,4,1,1,3,2,0,3,2,2,3,0,2,0,2,3,2,0,0,3,2,1,0,2,3,0,1,2,3,1,3,3,2,1,1,2,0,1,1,4,3,5,2,0,1,3,2,0,2,1,3,3,2,3,3,2,0,0,2,1,2,2,3,3,0,1,1,1,2,2,2,0,1,0,2,2,1,4,2,2,3,4,3,1,1,2,2,2,3,2,2,5,2,1,0,2,0,1,3,5,2,3,0,2,3,4,0,0,2,0,1,2,3,4,1,0,0,0,2,2,0,1,0,100,120,83,121
187,17,1,5,1,5,4,4,2,2,3,4,1,3,4,3,1,4,5,2,4,2,3,4,2,3,2,4,2,4,5,1,4,2,4,4,2,4,4,4,0,2,1,3,1,5,4,1,4,1,3,2,4,2,4,3,5,3,4,2,5,4,2,1,2,3,1,1,3,1,4,0,4,0,2,3,2,4,1,0,3,5,1,3,3,2,3,3,4,1,3,4,3,1,3,1,1,0,5,1,1,0,3,1,4,1,3,1,3,2,0,1,4,5,1,2,3,2,5,0,1,2,1,1,1,1,0,2,3,1,0,2,0,182,139,88,85
188,16,0,3,3,2,3,1,2,1,4,4,3,1,3,3,3,3,5,3,3,4,3,3,2,2,3,0,0,3,2,1,1,4,1,3,3,3,5,3,3,4,2,4,1,3,2,3,1,3,5,3,2,1,4,2,4,1,4,3,5,3,3,4,4,4,4,2,3,1,3,5,2,0,3,5,2,5,1,3,2,1,2,2,0,5,0,1,3,5,4,0,2,3,2,0,3,5,1,5,3,3,3,5,2,5,3,2,1,1,3,3,1,1,1,3,3,3,1,3,4,3,0,4,2,1,5,2,3,4,2,1,2,162,180,58,95
189,16,0,1,3,3,0,3,1,1,3,2,2,2,1,3,4,0,3,3,3,1,2,4,2,1,2,3,1,2,3,1,4,0,4,4,1,0,1,3,1,2,0,2,1,2,3,4,4,0,3,2,0,4,2,0,2,2,0,1,3,2,3,0,0,1,2,1,3,4,0,1,0,1,1,3,0,1,1,3,2,1,3,2,1,0,0,1,2,2,4,2,3,3,0,0,3,4,0,3,0,0,4,3,0,0,1,1,0,3,0,1,3,0,0,1,1,5,3,2,0,3,2,3,1,0,3,3,0,2,3,2,4,120,112,83,86
190,15,0,0,0,3,2,2,0,2,1,3,2,0,0,1,0,1,1,4,2,3,4,4,3,2,2,1,1,2,3,3,0,1,2,1,2,2,1,1,2,1,2,3,2,3,3,3,2,0,2,2,4,1,3,1,2,2,2,3,2,4,3,2,0,0,2,4,3,4,4,2,3,0,0,1,0,0,2,2,1,4,0,0,2,0,0,3,1,1,1,2,4,0,0,0,3,4,3,1,1,2,3,0,1,2,3,0,2,1,4,2,0,2,0,2,4,0,3,0,2,0,3,0,2,4,4,2,1,1,0,1,2,114,113,100,109
191,16,1,3,3,5,4,5,3,0,5,3,4,3,2,2,3,3,3,3,3,3,5,4,4,3,3,3,3,2,2,5,1,2,2,4,3,3,1,0,4,2,3,3,1,4,1,4,3,5,3,5,2,3,3,0,1,2,4,1,1,4,2,3,4,0,3,3,1,2,4,2,1,0,3,2,1,3,3,1,1,1,3,3,4,2,2,3,2,5,2,3,4,1,0,3,5,1,1,1,0,3,3,0,3,3,5,3,5,0,2,2,4,2,3,1,0,1,2,1,4,2,0,1,1,4,3,2,2,2,3,4,2,171,156,104,104
192,17,0,5,2,1,2,1,0,3,2,1,2,1,2,3,2,0,1,1,2,2,1,3,2,1,2,2,2,3,3,2,2,4,5,3,3,3,1,0,1,4,2,2,2,2,0,3,4,4,2,2,0,2,5,5,1,0,3,1,3,2,2,3,5,5,3,2,2,5,2,2,4,2,0,0,3,1,1,3,0,0,2,3,4,1,0,3,5,4,3,1,3,4,2,3,3,1,1,2,2,5,4,3,1,3,2,4,3,0,2,1,0,5,4,5,1,1,3,5,0,0,4,0,3,4,2,3,3,2,5,4,2,127,174,85,84
193,15,0,3,0,2,2,4,2,2,2,1,3,2,2,1,1,5,4,5,1,1,0,1,5,2,2,1,1,2,3,3,3,1,1,4,2,2,2,3,3,3,3,4,0,5,3,5,3,2,4,1,0,2,1,2,4,5,3,2,4,4,0,0,4,3,2,0,2,3,0,0,0,5,3,3,1,3,3,2,0,0,1,1,0,2,1,2,2,2,2,4,0,2,2,1,1,0,2,0,0,3,1,2,2,0,0,0,1,1,2,3,3,3,4,1,2,0,4,3,1,3,2,1,3,0,0,1,0,0,0,0,3,144,108,98,110
194,17,0,1,3,2,2,3,2,5,1,2,4,5,3,3,2,2,3,5,3,3,1,2,5,3,2,2,3,5,4,4,0,5,4,4,3,2,5,4,5,1,4,1,5,3,2,4,4,2,0,2,0,3,1,1,4,3,4,4,0,0,3,2,3,4,1,2,2,2,5,3,1,3,1,0,2,3,0,4,2,3,0,1,0,3,0,2,3,1,0,0,1,4,4,1,1,2,2,3,2,5,2,3,4,0,4,4,2,2,2,5,4,1,3,3,3,2,1,0,0,0,0,3,4,2,0,2,3,3,5,0,2,168,147,102,100
195,17,1,4,4,2,3,3,3,1,1,1,2,0,0,0,1,0,4,3,3,3,2,2,1,1,3,1,3,0,1,3,4,0,2,5,4,3,2,5,1,1,2,3,2,3,1,2,2,3,2,1,1,3,4,4,2,3,2,1,3,3,4,3,3,4,1,2,4,1,5,4,2,1,4,1,0,0,0,4,3,0,0,2,3,3,0,1,1,1,0,4,0,1,0,4,4,0,2,1,1,1,1,2,2,1,5,2,1,3,0,2,1,5,3,0,2,5,0,2,2,0,4,1,3,3,4,0,0,0,1,0,4,133,130,84,100
196,17,1,4,4,1,5,2,4,2,3,2,2,5,3,2,4,3,4,5,1,3,2,1,0,2,4,0,0,2,2,0,4,3,2,5,3,0,4,4,2,1,3,1,2,1,1,3,3,1,3,3,3,1,3,0,2,3,2,2,2,2,4,4,2,2,5,3,1,2,1,2,3,5,1,3,5,3,0,3,0,1,2,2,2,4,2,5,3,2,2,2,3,4,4,0,0,2,3,3,1,2,1,0,1,1,1,4,0,1,1,2,0,0,2,3,0,2,4,2,3,5,0,5,1,3,4,3,0,0,1,4,2,145,150,105,121
197,16,1,2,3,3,2,3,4,3,0,1,3,2,1,2,3,3,4,0,0,0,4,3,1,3,3,3,2,1,3,1,5,1,3,2,2,3,2,0,2,0,2,1,1,4,0,2,1,0,4,4,2,2,1,1,2,1,0,4,0,1,4,5,1,2,1,3,0,4,2,0,0,1,3,2,4,2,5,2,2,2,5,2,3,3,5,1,3,2,2,0,1,2,0,1,3,2,2,1,3,1,1,0,0,0,2,3,1,1,0,1,4,5,2,2,1,2,1,0,1,0,3,4,0,0,1,5,1,2,3,3,5,120,137,88,105
198,16,0,0,1,3,4,2,0,2,2,0,1,3,3,3,1,2,4,3,5,4,3,0,3,0,3,3,5,3,2,4,4,2,3,4,5,4,4,3,0,4,3,4,3,3,3,3,1,1,0,3,2,1,3,2,2,2,2,3,5,2,1,1,2,2,3,5,1,2,2,0,2,4,3,5,3,4,1,1,0,3,1,2,3,1,0,3,1,1,4,2,5,2,1,3,3,2,2,1,1,1,0,3,1,2,1,4,2,3,0,4,4,2,3,0,5,5,1,0,3,5,1,4,1,1,0,0,2,0,1,4,3,151,148,107,136
199,15,0,4,4,1,2,1,1,2,1,1,3,0,3,2,3,4,2,4,2,3,2,1,3,1,0,4,1,3,5,3,3,2,2,2,1,1,3,3,4,2,4,4,1,3,3,3,0,2,3,5,1,1,3,4,0,3,3,4,2,2,1,2,1,2,1,0,0,0,0,0,1,3,3,0,2,2,0,2,0,0,4,1,2,1,0,1,3,3,2,1,0,3,1,0,1,1,3,0,3,2,2,0,0,4,2,0,0,4,0,1,1,2,3,0,4,3,0,0,5,0,0,4,0,0,0,4,1,3,3,2,2,141,101,100,106
200,15,0,2,0,3,2,4,4,1,2,2,0,0,0,2,1,0,3,2,3,2,0,0,1,2,3,4,1,3,4,0,1,3,1,5,2,0,1,2,3,3,0,1,2,0,3,4,2,3,3,3,0,1,0,3,0,2,3,2,5,3,4,3,2,3,0,3,1,3,4,1,1,0,3,2,3,3,0,3,4,0,4,2,3,5,3,2,1,1,2,1,5,3,2,2,2,1,0,2,2,2,4,3,1,2,2,2,2,3,1,5,1,3,1,2,2,2,3,0,0,5,3,5,1,1,2,2,2,5,5,4,2,116,160,103,111
201,16,0,3,3,2,2,1,3,1,2,3,3,1,2,2,5,2,3,5,3,3,2,2,0,0,1,3,4,1,1,3,1,3,2,0,3,3,0,0,5,1,3,3,4,4,1,3,1,2,2,4,2,1,2,3,3,0,2,3,4,5,2,3,5,2,3,2,5,1,3,3,2,0,4,3,3,4,2,4,3,2,3,1,4,2,1,3,0,2,1,5,2,0,5,4,1,3,5,1,3,3,2,0,2,2,5,3,2,4,1,4,2,0,2,3,0,1,1,2,4,5,2,2,3,0,2,3,1,2,1,0,1,138,165,95,109
202,17,1,5,1,2,1,0,1,3,2,3,2,5,3,4,4,1,1,1,4,1,0,2,1,1,0,1,5,1,2,3,1,3,2,1,3,0,5,2,3,2,2,0,3,4,2,3,4,2,2,4,1,0,4,4,2,1,0,0,2,3,3,0,2,2,1,0,0,2,1,1,1,3,2,1,1,4,3,0,5,2,2,2,1,0,0,1,3,1,3,3,2,4,0,2,2,2,0,0,1,1,3,0,1,1,3,2,0,3,0,0,0,0,2,1,3,3,1,4,2,0,2,3,1,2,2,1,2,0,1,5,4,128,113,96,106
203,16,0,2,1,0,2,4,3,1,4,1,2,4,3,4,1,2,1,1,2,2,2,1,1,3,3,3,5,4,4,3,3,2,3,4,2,0,1,1,3,2,0,1,1,1,4,4,3,1,0,1,3,5,5,2,5,2,5,3,3,1,4,2,1,3,3,0,0,0,0,1,5,4,3,0,0,3,0,0,0,1,1,0,0,0,2,0,0,1,2,0,0,1,0,0,2,0,3,0,2,4,3,0,5,2,0,2,0,0,0,0,0,4,0,0,0,1,1,0,3,3,3,2,0,1,0,1,2,0,0,4,0,144,81,110,106
204,15,1,2,2,1,4,4,4,3,2,0,2,2,3,1,3,5,4,3,4,5,4,4,1,4,2,2,2,2,4,3,5,5,1,2,2,2,4,2,2,5,3,3,3,2,4,3,0,3,1,4,4,0,4,5,2,3,1,0,3,2,2,2,1,0,3,2,2,2,3,1,3,2,0,1,0,0,3,5,4,5,4,1,3,0,4,0,2,1,3,0,2,2,2,2,2,2,3,4,0,2,2,2,3,2,1,3,1,1,1,1,3,1,3,2,1,0,1,0,3,3,2,4,0,0,3,2,2,2,1,0,2,164,130,81,94
205,17,1,1,3,3,2,2,2,3,1,2,0,2,5,3,4,4,2,1,2,3,3,3,1,3,3,4,3,1,2,2,4,2,2,4,3,1,2,5,1,3,5,5,3,0,3,4,5,2,3,5,0,3,2,4,4,3,3,2,2,3,2,1,3,0,2,3,2,3,4,2,2,2,3,0,3,2,0,3,3,3,2,4,1,1,1,2,1,2,2,2,2,3,1,4,2,1,3,2,0,4,2,2,0,0,0,0,4,0,4,2,3,3,1,2,2,0,2,2,4,2,3,3,2,1,0,3,3,1,1,0,0,160,133,111,116
206,15,1,2,2,4,2,2,4,3,1,0,2,1,4,0,0,1,3,1,1,2,3,2,4,1,3,3,3,1,3,2,2,3,2,0,3,3,3,4,1,0,2,1,3,3,2,1,5,2,2,2,3,0,0,3,4,4,4,0,3,2,3,0,1,0,5,0,3,4,2,5,0,3,0,1,2,5,2,3,2,1,4,2,2,0,5,1,0,1,4,4,1,0,1,2,2,4,3,3,4,3,0,4,2,0,4,1,4,3,2,2,0,3,0,2,1,2,2,3,2,1,2,3,0,1,5,1,4,4,2,5,5,130,155,101,110
207,15,0,1,5,2,3,3,2,2,2,2,1,0,1,1,4,2,2,1,2,3,0,2,5,4,2,3,0,2,4,1,3,3,2,2,4,3,3,2,3,1,3,4,2,1,0,1,4,0,0,1,3,3,1,4,3,4,2,3,0,3,4,4,5,5,5,4,1,4,2,4,5,1,2,3,2,0,2,5,2,1,2,2,1,3,1,5,4,3,2,2,1,0,3,3,1,2,0,4,2,1,2,3,1,4,1,0,0,4,3,2,3,3,2,0,2,4,5,1,0,4,3,0,2,5,3,1,2,5,2,3,4,134,173,102,117
208,15,1,3,3,0,4,3,4,2,3,4,4,2,4,1,3,3,4,3,5,3,4,2,5,0,1,5,4,4,3,2,2,3,3,2,4,0,0,1,4,2,0,3,1,1,2,2,1,4,3,3,3,2,5,0,2,0,4,4,2,1,2,2,2,2,4,0,4,4,1,3,0,4,3,2,2,3,2,2,2,1,3,0,0,2,0,0,0,0,2,1,3,5,0,0,3,2,1,1,3,2,1,0,2,5,0,1,2,3,0,5,0,1,2,3,2,1,4,1,0,2,0,4,2,3,0,2,1,2,2,0,0,154,122,89,122
209,15,0,3,1,2,4,3,2,2,2,4,1,3,1,1,3,3,3,2,2,0,3,2,4,0,1,3,4,3,0,2,3,4,2,3,3,3,5,3,1,4,4,3,1,2,3,3,1,1,1,1,3,0,0,2,4,3,1,1,4,1,5,3,4,1,1,1,3,1,2,2,2,3,2,0,3,1,2,1,3,3,1,1,3,1,1,1,1,2,2,1,1,1,0,2,3,2,1,3,0,2,1,3,0,3,2,0,0,4,3,1,2,2,3,0,0,1,2,3,1,4,0,0,1,0,0,0,3,3,2,4,0,139,115,78,103
210,16,0,4,4,2,2,3,4,4,3,4,2,3,3,2,4,2,3,4,4,4,5,3,2,0,3,2,2,4,1,1,3,5,3,2,5,4,2,3,4,2,0,3,1,3,4,3,1,2,3,3,0,3,4,3,2,1,4,4,3,4,4,0,2,4,2,0,3,0,1,2,0,3,3,3,4,0,0,0,2,2,0,2,2,0,0,0,0,0,2,1,0,2,0,0,0,0,0,0,1,1,1,2,3,2,4,1,1,0,1,4,0,0,4,0,0,1,0,1,2,3,0,1,2,1,0,0,0,1,2,4,1,172,84,98,108
211,15,1,4,5,2,5,1,5,2,1,2,4,0,3,4,5,4,1,4,5,4,4,3,2,2,5,3,2,3,5,3,4,4,5,4,5,3,3,2,3,5,4,5,0,4,2,5,4,5,1,3,3,3,3,4,2,3,2,3,4,4,2,5,2,2,3,3,2,3,3,0,4,4,1,1,2,2,1,3,2,2,1,2,2,1,1,4,3,0,3,0,5,3,3,2,4,1,0,2,0,0,4,2,1,4,4,0,1,5,2,2,4,4,1,5,3,2,1,1,4,4,5,1,2,1,2,1,2,3,5,3,3,197,164,60,108
212,15,0,0,3,4,3,1,2,4,1,4,3,5,0,3,3,3,4,2,2,5,2,3,2,5,4,2,2,3,1,3,3,1,1,3,3,2,3,3,3,1,4,4,5,3,2,3,1,5,4,4,3,2,1,4,3,1,3,3,5,2,5,0,3,1,2,1,2,2,1,1,3,5,3,3,2,4,0,4,1,0,5,1,0,2,2,1,1,3,0,2,0,2,3,1,4,1,2,3,3,2,0,1,1,4,5,2,3,0,0,2,3,0,1,5,1,1,3,2,2,2,1,0,2,3,4,2,2,2,0,1,4,169,135,103,92
213,16,1,3,4,2,2,4,2,3,1,1,0,0,1,5,4,3,5,2,2,3,3,2,3,4,4,3,2,4,1,3,5,2,4,2,3,1,2,2,1,2,1,4,4,3,3,3,0,2,1,0,1,3,2,3,0,0,2,3,1,2,4,2,4,2,2,2,2,1,1,1,5,4,2,3,2,0,4,0,3,4,3,1,2,0,2,3,1,2,5,2,4,0,5,2,4,1,1,3,4,1,2,0,2,1,4,1,1,2,2,2,3,2,4,0,1,3,4,0,3,2,2,0,3,1,2,4,2,2,0,4,1,142,150,91,108
214,15,1,3,5,3,4,0,2,3,2,1,3,2,2,4,1,3,4,5,2,1,1,1,3,1,4,3,2,2,3,0,1,0,4,2,2,5,2,2,3,2,1,3,2,3,1,3,2,3,5,2,4,4,4,1,1,1,5,4,4,1,2,3,2,3,0,0,3,3,4,4,0,1,3,2,4,1,2,1,4,3,0,5,2,1,2,1,2,0,1,5,4,2,1,5,4,3,3,0,3,2,1,2,1,3,4,2,3,1,1,2,3,0,0,3,0,4,2,2,1,4,1,0,4,2,1,0,4,0,0,1,2,149,143,80,105
215,17,0,2,4,2,1,1,3,5,2,3,1,5,2,4,1,4,2,4,5,1,4,5,3,4,3,2,2,5,3,3,2,2,3,1,1,4,4,4,4,2,2,5,3,4,2,0,1,1,3,5,1,4,1,0,4,5,3,1,1,2,2,2,0,0,0,1,0,0,1,3,1,0,0,0,1,0,1,1,3,0,1,1,0,2,2,0,0,1,0,1,2,1,0,1,0,0,0,1,0,1,2,1,0,0,0,2,1,0,0,0,1,0,0,1,0,0,0,3,0,1,0,0,1,0,2,0,1,2,0,0,3,163,49,85,109
216,17,1,4,1,1,1,4,2,3,2,1,2,0,2,3,0,3,3,0,4,2,4,0,3,2,3,5,4,0,2,1,3,2,2,4,3,2,3,3,3,1,3,5,0,1,1,2,3,3,0,0,2,3,2,5,2,3,0,3,5,1,3,5,3,0,3,4,0,4,3,0,4,3,3,4,4,2,5,3,5,4,5,0,3,1,5,5,3,3,3,2,2,2,1,3,4,5,4,3,2,2,1,4,0,4,5,3,1,2,3,2,2,2,5,2,3,2,3,4,3,1,3,3,5,4,2,1,1,1,3,2,3,135,197,76,96
217,16,0,2,3,1,1,3,2,3,3,2,0,1,1,0,2,3,1,2,3,3,1,0,3,0,1,1,0,4,3,2,2,1,1,2,3,4,2,3,2,3,3,3,2,0,1,2,3,2,3,0,0,2,5,0,3,2,3,1,1,3,0,2,4,3,3,3,3,2,0,1,4,3,5,0,4,3,0,0,2,0,3,2,2,3,1,4,3,3,2,0,1,4,4,0,2,2,3,4,1,0,3,3,4,5,4,0,0,1,3,2,2,3,3,0,3,3,2,0,3,1,1,2,0,3,1,2,3,2,3,4,0,113,152,77,99
218,15,1,2,0,0,1,2,2,3,5,2,4,2,2,1,1,2,3,1,2,4,1,4,4,3,3,2,2,3,1,5,2,5,1,5,0,3,5,5,3,5,2,5,5,3,0,3,4,3,2,4,4,3,5,4,4,2,4,4,0,3,0,2,0,1,0,1,1,4,4,4,2,4,2,3,3,1,0,2,3,0,4,2,2,1,2,1,1,1,0,3,1,1,2,0,0,1,3,2,2,4,1,4,5,2,0,5,5,0,2,5,0,2,0,0,0,1,1,2,0,3,2,5,1,0,1,2,3,2,1,0,1,165,126,102,126
219,16,0,4,1,0,2,4,4,5,4,0,4,2,2,2,2,2,2,2,1,0,0,2,1,3,5,4,1,0,1,2,0,1,3,2,1,0,5,5,0,2,3,2,5,3,3,4,3,2,1,5,0,0,4,2,3,4,0,0,1,4,3,1,0,2,0,0,3,0,0,4,2,0,1,1,4,3,3,2,3,1,0,1,1,4,3,2,3,1,2,3,3,2,0,0,0,0,3,1,1,1,2,0,2,1,0,3,2,5,2,4,3,0,0,3,2,2,2,4,1,0,0,2,2,0,3,2,1,0,3,2,4,133,118,101,102
220,15,0,3,1,2,2,3,1,3,5,2,1,0,2,4,4,3,5,1,4,0,2,2,4,5,1,0,3,4,4,3,4,1,3,3,3,2,5,2,3,2,3,0,4,2,3,3,4,3,1,2,5,5,2,5,2,3,2,4,1,5,4,0,2,0,5,3,1,1,4,0,1,4,0,1,2,2,1,0,0,3,3,4,2,3,3,1,0,3,0,3,0,1,5,2,4,1,3,2,0,3,5,3,1,3,2,2,5,0,1,2,1,1,1,3,1,3,1,2,3,2,1,2,0,3,1,0,2,2,3,2,3,165,134,90,102
221,16,1,1,3,3,4,2,3,2,5,3,2,3,3,4,0,4,2,4,3,3,2,0,0,4,4,4,2,2,0,5,2,0,3,5,1,5,2,2,0,2,5,3,2,4,4,4,5,0,1,1,3,4,4,4,1,4,5,1,4,5,4,4,5,2,5,5,4,3,5,2,2,4,5,4,2,4,1,3,1,3,4,4,1,4,5,2,4,0,5,5,2,2,3,5,4,2,1,2,1,2,2,4,3,0,3,1,4,1,2,2,4,2,1,3,2,0,2,5,4,3,5,5,3,0,0,1,4,3,1,5,5,167,202,80,105
222,16,1,3,3,4,0,2,0,2,2,5,3,0,0,3,0,3,2,3,2,2,5,1,1,3,1,0,1,3,0,1,3,4,3,5,3,3,1,3,0,1,0,2,4,1,1,1,3,2,1,0,0,2,1,3,1,4,2,5,3,1,1,1,4,0,1,1,0,5,2,2,3,4,4,0,0,5,2,5,4,2,0,1,3,2,0,2,2,4,3,4,2,1,3,3,0,0,4,2,1,1,1,2,2,4,0,4,3,0,4,1,1,0,3,2,1,1,3,1,1,0,1,1,0,0,1,2,0,1,3,2,1,119,129,109,102
223,16,1,0,0,2,4,2,1,3,3,5,0,1,3,0,4,3,1,2,3,4,2,4,3,3,4,1,5,3,2,3,5,4,2,0,3,1,3,1,3,5,4,5,3,2,3,4,5,2,3,3,2,0,4,0,2,4,4,2,3,2,0,3,2,3,1,1,3,0,1,2,2,4,1,0,4,2,2,1,3,3,5,0,4,1,2,2,0,2,2,3,1,3,4,4,1,1,3,2,1,0,0,2,1,4,2,4,3,0,3,3,2,4,1,1,1,1,3,1,3,2,3,5,0,1,2,1,0,3,5,1,1,155,142,97,110
224,15,0,4,2,4,3,4,4,3,2,2,3,2,3,3,2,4,4,4,3,0,4,5,1,3,3,0,1,3,2,3,2,2,1,5,4,4,3,0,5,4,3,1,2,2,0,1,2,3,3,1,2,5,5,2,1,2,4,4,4,1,3,5,3,2,0,3,4,3,5,3,5,0,0,1,1,3,0,2,1,2,3,3,4,1,5,3,1,2,4,3,5,3,4,3,4,3,1,2,3,1,0,3,2,4,3,1,3,2,5,1,1,3,3,4,1,1,3,0,4,4,1,3,4,2,5,1,2,3,2,4,3,162,179,81,85
225,17,0,0,1,2,1,2,3,2,3,1,2,4,1,0,2,1,3,2,3,1,3,2,1,2,4,1,2,0,0,3,1,3,5,1,4,1,1,2,2,2,4,1,3,2,2,5,2,3,2,3,2,1,0,0,3,2,3,3,1,3,1,1,2,3,5,1,3,2,1,0,2,4,2,4,3,3,2,0,1,2,2,5,2,0,3,0,5,1,0,5,3,4,3,2,5,2,3,2,3,2,2,5,4,3,0,1,2,1,2,1,3,3,2,2,4,3,2,0,5,2,2,1,3,3,2,0,2,3,0,1,2,120,159,96,98
226,17,1,1,3,3,3,2,4,1,1,1,1,4,0,3,3,4,2,1,0,2,2,2,3,0,3,1,2,2,4,3,2,2,3,1,3,2,2,2,2,0,3,1,1,1,5,1,1,1,4,1,2,1,2,3,3,3,1,3,2,3,2,1,5,3,4,3,2,2,5,0,2,2,4,0,3,0,2,2,0,1,5,0,2,4,5,2,1,4,3,4,2,2,0,2,0,1,5,4,1,2,2,0,3,2,3,3,5,4,3,0,3,5,3,4,3,2,1,5,5,4,2,0,0,3,1,3,0,0,5,0,3,124,167,78,97
227,16,1,1,1,4,0,2,0,0,0,0,2,1,1,3,2,3,1,4,2,3,5,4,3,0,2,1,3,2,2,3,2,3,1,2,2,0,1,3,3,1,1,2,1,2,2,2,2,1,2,1,3,0,2,2,1,5,5,0,3,3,0,2,4,4,2,2,1,4,2,0,2,1,0,1,5,2,2,2,0,1,1,2,0,3,1,1,3,2,3,0,4,0,0,0,2,4,0,1,1,1,2,0,4,1,3,0,2,2,3,4,0,2,2,0,4,3,3,2,0,4,2,4,0,2,1,4,4,2,4,2,4,113,136,93,91
228,15,0,4,5,3,0,1,2,2,1,2,3,2,3,4,1,1,3,2,4,2,2,1,2,1,2,4,1,4,0,4,4,1,3,3,3,2,5,2,0,0,4,2,0,2,1,2,4,1,3,5,3,2,4,3,0,4,2,3,4,4,0,2,3,1,3,4,3,5,4,3,1,2,3,0,3,1,2,1,3,3,0,5,4,2,3,2,2,2,2,0,1,4,5,3,5,4,2,3,5,0,3,5,0,3,2,2,2,3,0,3,0,3,4,2,3,2,0,2,2,3,0,1,3,4,5,5,4,5,2,1,3,142,178,83,82
229,17,0,5,3,3,1,4,0,5,3,0,1,5,3,1,3,5,3,2,0,1,3,5,1,1,4,3,1,2,2,5,3,0,2,5,1,3,4,3,1,4,2,1,4,3,2,2,0,3,4,1,4,3,1,3,4,3,3,3,3,1,5,1,4,3,1,2,0,4,1,2,2,2,5,4,4,0,3,1,5,2,0,3,0,2,1,3,4,2,4,4,5,0,3,2,4,2,2,5,3,0,1,5,2,2,1,1,1,0,2,3,0,3,1,2,0,3,0,4,2,1,2,3,1,2,4,4,1,2,3,2,3,156,156,97,117
230,16,1,2,2,2,4,0,4,3,4,2,3,4,3,5,1,4,3,1,2,1,2,3,2,3,4,4,1,2,3,5,2,3,2,2,3,2,3,1,3,0,2,5,4,0,2,0,1,3,3,2,5,4,4,1,5,3,3,2,3,0,2,4,0,2,0,0,1,3,4,2,4,4,2,3,3,4,2,0,2,2,4,2,0,1,2,0,3,0,1,2,3,2,3,4,2,1,1,5,3,2,2,1,2,2,2,3,3,2,1,1,2,1,1,1,1,2,2,2,2,4,1,3,1,2,2,3,2,1,5,0,3,154,143,83,112
231,15,0,3,1,0,3,0,4,4,5,5,0,4,0,1,1,3,4,2,3,4,1,4,2,3,2,3,0,2,3,4,2,2,5,4,2,3,4,5,4,2,2,2,3,5,2,1,2,4,4,4,4,4,3,2,5,4,4,4,3,3,3,3,5,2,0,4,0,2,2,3,0,2,2,1,3,4,0,1,2,2,3,3,5,2,2,1,2,0,2,4,2,1,1,4,5,3,2,1,3,0,3,2,3,5,0,1,3,0,0,2,1,1,0,0,0,3,4,2,3,1,2,3,0,2,5,2,3,4,4,3,0,172,146,88,83
232,14,1,1,3,5,3,2,4,2,2,4,3,4,0,3,3,0,2,4,2,4,1,4,4,5,4,5,4,2,4,2,4,3,4,3,1,4,2,3,0,4,2,3,3,3,3,3,2,3,5,3,0,2,2,4,2,1,2,1,2,1,5,5,3,0,2,3,2,0,3,1,1,0,3,3,5,1,3,3,2,1,5,1,1,4,4,5,0,3,2,1,0,1,2,2,0,0,2,1,2,2,3,3,1,3,3,5,4,3,2,4,4,0,1,4,3,1,3,1,0,0,2,3,0,4,3,2,3,4,0,4,0,166,152,105,102
233,17,0,4,0,1,3,3,2,2,4,2,3,3,5,2,2,4,2,1,0,2,2,4,0,3,3,0,4,3,0,4,1,4,0,2,1,5,4,3,1,2,1,3,4,4,0,5,2,1,0,1,3,1,0,0,5,4,1,3,1,2,3,0,0,0,1,2,3,1,0,3,2,0,1,2,0,4,4,0,4,2,0,3,3,0,1,3,5,1,0,1,3,2,0,3,1,0,2,2,1,2,3,1,3,4,3,5,4,1,5,3,1,0,4,0,3,1,3,1,3,2,0,0,2,4,0,2,3,0,0,0,4,135,127,80,97
234,16,1,0,5,1,3,2,3,5,4,2,3,3,3,1,3,2,4,1,3,1,3,2,3,5,5,3,1,0,3,3,2,2,4,0,2,2,2,1,3,3,5,4,2,2,1,5,4,1,4,3,3,3,1,2,4,4,1,3,2,4,1,1,3,5,3,4,0,4,3,3,4,5,3,4,2,3,2,1,3,5,1,0,2,4,2,3,4,0,3,1,1,3,1,5,3,3,4,3,0,3,2,4,2,0,3,0,0,2,3,3,5,2,2,4,2,3,4,2,2,3,4,1,3,5,2,0,2,3,1,3,3,157,179,93,100
235,16,1,1,3,5,5,0,0,1,1,1,2,2,0,1,2,4,1,4,5,4,5,1,4,1,3,1,3,1,3,0,0,2,2,5,2,3,3,2,2,3,2,3,1,3,3,4,1,4,3,5,2,4,3,2,2,2,1,4,3,3,5,2,1,5,0,0,2,4,0,1,0,1,4,2,3,0,1,1,2,0,0,0,0,4,4,0,1,0,0,2,0,1,2,2,0,3,0,4,0,3,1,0,2,0,0,4,3,0,3,2,1,3,0,0,2,2,1,1,3,1,1,0,3,4,2,0,1,0,3,2,4,148,104,103,106
236,16,1,2,4,0,4,0,2,1,0,2,1,0,4,1,2,2,2,4,2,0,2,4,0,3,2,3,2,3,4,2,1,3,2,2,0,2,2,0,3,2,4,0,0,0,5,2,3,3,0,0,2,4,5,3,4,3,3,1,1,0,2,2,3,0,2,3,4,3,0,0,2,2,2,3,0,1,0,3,2,3,4,4,1,0,0,3,2,5,4,1,1,4,2,3,0,1,1,0,2,4,3,1,2,2,1,1,2,2,3,2,3,0,1,2,2,3,1,2,4,1,1,0,4,0,2,1,0,3,3,2,4,120,135,80,88
237,16,0,2,0,2,2,4,1,2,3,1,3,4,1,4,4,0,0,2,5,5,3,2,3,2,2,1,3,2,3,0,1,4,2,2,1,3,0,3,3,3,2,0,2,5,4,0,2,1,2,2,1,0,1,3,1,3,1,1,4,1,3,1,2,2,3,2,0,4,1,4,5,2,3,1,0,0,1,1,2,5,2,3,3,3,0,0,1,3,1,2,4,2,2,3,2,4,4,0,2,2,2,3,1,4,3,4,1,2,2,4,2,2,4,2,0,2,2,1,3,0,5,3,2,4,2,4,4,4,0,1,3,127,158,106,113
238,16,0,4,3,1,1,3,5,2,3,2,3,2,4,1,5,4,4,5,4,3,2,2,5,4,2,4,1,0,5,5,5,3,2,3,1,3,1,3,0,2,3,4,4,5,2,3,2,0,3,3,1,2,2,1,1,1,1,1,4,3,2,2,1,2,1,0,4,4,2,5,0,4,4,1,1,1,2,4,4,0,1,0,1,3,1,1,2,1,4,1,4,3,1,1,1,2,0,1,5,2,3,2,1,4,0,0,2,2,1,2,2,0,3,1,4,5,0,5,4,4,2,3,2,2,4,2,4,4,1,0,1,160,147,106,109
239,17,0,0,4,0,0,3,3,2,5,0,0,1,2,2,3,5,1,1,3,3,1,1,1,2,2,1,3,4,3,2,1,1,0,3,0,3,1,2,3,4,3,3,5,0,2,3,0,0,0,2,4,2,2,2,1,0,2,2,3,0,1,1,5,3,3,4,2,3,2,0,5,1,4,1,2,0,3,2,2,1,0,3,1,4,5,2,4,3,0,2,5,1,4,2,2,4,3,3,3,3,3,5,1,1,1,1,3,3,2,2,3,4,0,4,1,0,2,4,2,4,0,0,2,5,0,5,5,4,5,1,0,113,171,85,109
240,15,1,4,1,3,3,2,2,4,3,4,3,4,4,3,0,1,3,5,3,5,2,2,4,3,2,3,3,4,2,2,0,2,0,2,4,4,4,4,1,5,2,4,2,2,1,3,3,4,3,2,2,3,3,2,1,1,3,2,0,3,3,1,3,3,0,2,2,1,0,3,0,1,1,1,2,0,3,1,1,2,3,3,4,2,2,5,1,4,5,2,0,2,5,2,0,4,2,2,1,3,1,0,2,3,2,1,2,0,3,4,0,3,2,4,2,4,3,1,1,5,4,4,0,0,0,5,4,3,2,4,3,159,151,102,117
241,16,0,4,1,3,0,5,3,2,5,4,4,5,4,4,3,2,4,3,1,2,2,3,3,3,2,3,5,2,2,5,1,5,4,2,3,3,3,2,2,4,5,5,2,3,3,5,3,2,3,3,4,3,2,5,3,2,1,5,3,5,1,1,3,1,3,1,2,2,0,2,1,4,1,2,1,0,2,0,2,1,2,4,4,1,0,0,3,4,2,3,1,1,2,2,0,0,1,2,0,2,5,2,1,2,4,4,1,2,0,3,3,0,2,1,1,1,2,1,4,0,3,0,0,2,0,0,0,5,1,2,0,186,115,83,68
242,16,0,2,1,1,2,2,3,3,1,2,5,4,5,1,4,3,4,4,4,5,5,3,3,4,3,3,4,2,4,0,3,0,3,5,5,2,5,4,1,1,3,2,3,3,4,2,3,1,5,4,1,4,5,2,1,3,3,3,3,3,2,2,0,1,0,3,3,1,1,0,2,2,2,2,2,0,1,2,2,2,4,2,3,1,1,0,2,0,3,3,0,5,3,0,3,4,2,2,0,0,3,0,0,0,0,0,1,1,2,4,0,1,0,1,1,1,0,1,0,0,1,2,1,1,1,1,4,1,0,1,3,176,98,89,107
243,15,0,3,2,5,4,4,2,5,1,3,5,0,3,1,1,4,2,1,4,5,0,3,2,1,0,2,1,3,5,1,2,0,1,1,5,3,3,4,3,1,2,4,1,3,4,3,3,3,0,2,1,3,1,0,0,1,3,1,1,2,2,0,0,2,0,1,1,0,0,2,2,3,0,0,1,0,0,1,0,3,0,0,1,0,0,2,1,3,5,1,3,0,3,0,0,0,0,3,0,0,1,0,1,0,0,3,1,1,0,1,0,0,0,0,2,0,2,1,0,1,2,2,0,4,2,1,1,0,0,0,3,136,67,100,91
244,17,1,3,4,2,2,2,3,2,1,3,1,4,4,3,5,4,1,4,0,0,4,4,2,4,3,2,0,4,1,1,2,1,2,1,4,5,2,3,4,4,1,4,2,4,2,1,3,2,2,3,4,3,2,2,5,4,3,5,4,4,3,3,0,1,0,2,1,2,4,5,1,3,2,3,0,2,2,2,1,0,3,0,0,5,2,4,3,1,5,2,2,3,2,2,3,0,3,3,2,3,1,4,2,0,3,1,2,4,0,1,1,3,2,2,4,4,2,4,3,2,2,1,2,5,2,3,0,2,4,3,3,164,154,106,111
245,17,1,1,2,2,5,2,1,4,2,0,3,1,4,0,2,2,0,1,3,4,3,0,4,3,0,0,2,1,4,0,3,1,3,2,2,3,4,1,1,3,4,1,2,3,3,1,1,1,5,2,1,1,5,0,1,3,2,1,1,2,1,0,1,5,0,3,4,2,4,4,0,2,0,2,1,1,1,2,2,0,2,3,2,3,3,2,5,2,1,3,5,0,4,1,0,4,0,1,3,3,0,1,0,0,4,2,4,3,5,5,3,2,3,0,3,4,4,4,4,2,3,2,0,2,2,3,1,0,1,4,3,120,155,73,85
246,17,1,5,4,5,4,2,3,3,3,5,4,2,3,4,2,2,4,4,3,4,2,3,5,5,2,5,2,5,3,3,4,1,3,5,5,3,3,4,3,5,3,3,5,0,5,3,5,4,5,5,2,3,4,5,5,5,5,4,2,5,4,2,2,3,5,3,0,3,0,0,1,4,0,5,3,2,1,2,2,1,3,0,3,2,1,0,0,0,5,1,2,0,0,0,0,0,3,3,1,0,0,0,3,2,3,2,0,0,4,5,4,3,0,0,1,1,2,0,0,3,0,0,1,2,3,3,1,3,3,2,1,219,115,102,104
247,17,1,3,1,5,2,1,4,5,3,2,2,2,2,3,2,1,3,3,4,0,5,3,5,5,4,1,3,4,3,4,5,1,3,1,4,0,4,3,2,2,4,1,3,2,5,1,3,3,3,4,4,2,1,3,0,2,5,4,3,2,0,0,3,1,2,3,0,5,5,0,3,5,3,4,2,2,3,3,1,5,3,4,2,2,3,5,3,5,2,5,1,3,4,1,5,1,2,5,2,2,4,3,3,2,3,1,5,5,4,2,2,3,4,2,4,2,3,3,1,3,1,0,1,3,0,4,0,5,2,5,2,165,192,86,110
248,17,0,1,4,1,1,4,2,3,2,3,3,0,4,4,2,4,4,2,4,5,4,5,3,1,3,0,2,1,1,3,3,3,2,3,3,3,2,3,3,4,1,2,3,2,3,3,5,2,1,5,3,1,1,1,5,4,3,5,2,4,2,4,4,2,0,1,0,5,1,4,0,5,3,3,0,2,3,2,5,2,3,1,2,3,2,4,3,0,3,2,2,4,0,3,1,1,2,3,2,3,4,1,2,0,0,2,1,3,1,3,3,1,5,0,2,0,2,4,1,3,2,0,3,4,4,2,0,0,4,2,3,163,152,89,105
249,16,0,3,2,3,2,1,3,0,0,2,2,3,2,0,5,2,3,2,4,4,4,3,1,3,3,2,0,3,3,4,1,3,2,3,2,3,4,0,2,5,1,3,1,3,3,4,2,3,0,5,2,3,2,2,3,4,5,2,2,0,2,3,3,3,1,4,2,3,3,1,1,3,2,5,3,2,3,0,2,2,0,5,2,3,1,0,4,2,2,4,3,1,2,3,3,4,0,5,0,1,0,3,3,3,2,4,4,2,3,2,2,3,4,1,4,0,2,2,4,5,5,0,0,2,1,2,2,2,4,3,3,146,168,108,113
250,17,0,1,2,3,2,2,3,5,3,1,1,1,2,2,3,2,5,3,3,1,3,1,2,2,5,0,3,3,1,3,0,4,2,3,3,4,2,5,2,5,3,3,4,4,5,4,2,2,5,2,3,5,4,3,4,3,4,1,4,1,2,0,1,2,4,3,2,0,0,2,2,2,0,1,1,1,2,4,2,3,2,4,0,3,1,0,0,5,0,3,0,3,5,2,3,0,2,0,0,1,3,1,3,3,3,2,0,0,4,3,1,1,0,3,1,3,4,0,3,3,3,3,2,1,1,5,3,1,5,2,2,166,135,95,102
251,16,0,2,1,0,1,1,0,2,1,2,1,1,3,3,0,0,1,1,0,0,2,2,4,2,3,1,0,3,2,2,2,2,1,0,0,2,2,2,0,3,5,0,3,0,5,1,1,0,2,1,1,2,4,3,3,1,3,4,3,2,3,3,2,3,3,2,3,4,0,0,2,3,1,0,3,1,1,3,2,2,0,2,2,1,0,0,3,0,1,1,0,4,0,1,1,1,2,0,3,3,3,3,4,2,2,2,3,1,0,2,5,4,3,3,0,4,4,4,3,2,0,1,2,1,2,3,0,3,0,0,2,102,131,93,103
252,16,0,3,2,2,3,3,3,2,2,2,1,1,0,2,0,0,3,0,2,2,5,4,4,3,3,4,2,4,1,3,2,4,1,3,2,1,2,3,0,1,1,4,4,0,3,4,5,1,3,3,4,3,2,1,4,2,3,4,1,4,1,0,0,2,1,0,0,0,0,2,1,1,0,2,0,0,2,0,0,0,1,0,0,1,3,1,0,0,3,1,1,0,0,4,2,5,2,2,0,3,2,0,1,0,0,0,0,2,4,2,2,1,2,0,5,1,0,0,0,0,2,0,2,2,0,2,0,0,2,0,0,142,72,85,98
253,17,0,2,4,2,5,2,3,5,2,1,3,4,4,2,2,4,4,3,3,5,3,4,2,5,5,3,2,3,3,0,5,3,2,1,4,2,4,5,1,2,2,5,5,2,4,3,1,5,3,3,4,4,5,1,5,3,5,3,4,2,4,4,0,4,4,2,0,4,3,3,3,1,1,0,1,2,3,3,3,1,2,2,0,0,1,0,0,3,3,0,0,1,4,2,3,2,2,3,1,3,4,3,3,4,1,3,4,0,3,2,0,3,2,1,0,5,1,1,0,2,0,4,4,3,5,0,3,1,2,0,2,192,140,96,101
254,16,0,4,5,2,4,5,2,2,3,0,3,4,4,2,4,2,4,5,1,4,2,4,3,3,4,1,0,4,1,5,3,3,2,4,4,1,1,0,2,2,1,0,1,3,3,2,4,4,1,1,3,3,4,0,0,3,0,3,2,3,3,3,0,3,0,2,2,3,0,0,2,0,2,1,1,0,0,4,2,0,1,4,4,2,0,3,2,1,0,3,0,2,1,2,4,1,2,1,3,3,2,2,2,3,2,3,3,3,1,5,5,2,1,0,2,3,3,1,1,2,4,3,1,1,2,2,0,2,4,0,2,153,131,95,108
255,16,0,1,3,3,2,2,1,1,3,1,3,1,0,0,2,2,3,1,2,1,1,1,0,1,3,1,3,3,2,3,3,3,1,3,3,2,5,0,0,2,2,0,3,0,0,4,0,4,3,3,2,3,3,1,1,2,3,0,0,2,4,1,4,5,2,4,3,4,4,1,4,2,5,2,3,3,3,3,4,2,1,4,1,1,2,0,0,3,2,3,5,1,3,1,0,4,3,5,3,3,4,1,4,3,2,3,2,2,3,3,2,2,4,3,2,3,3,1,4,3,2,0,4,0,0,3,1,3,5,5,1,112,182,75,101
256,15,1,3,1,2,1,2,2,4,2,2,1,1,4,2,2,4,1,2,4,2,3,1,2,2,3,5,3,2,2,3,2,3,0,4,5,2,4,3,0,2,3,1,3,1,2,4,1,3,1,2,2,3,2,4,1,4,0,0,2,3,1,1,3,0,1,1,1,0,2,5,3,3,4,0,4,1,1,2,0,1,3,0,2,3,3,0,3,1,4,0,1,2,0,0,0,1,1,5,1,4,3,5,3,2,3,0,5,0,3,3,3,2,2,4,2,3,0,1,5,0,2,0,2,3,2,1,2,2,2,0,4,136,136,109,126
257,17,0,0,1,2,0,5,3,3,3,4,2,2,0,0,2,1,2,2,2,0,1,2,2,2,1,2,2,0,3,3,1,2,0,1,2,3,0,2,1,0,3,1,4,2,1,4,2,1,2,3,4,2,3,2,2,2,2,4,5,2,2,3,5,5,1,2,2,5,2,4,1,3,2,4,2,2,2,5,4,4,4,2,1,4,3,4,3,3,3,1,3,3,1,2,4,5,5,4,5,3,5,2,5,3,2,1,1,4,3,3,5,4,5,1,0,1,5,0,2,3,1,2,5,3,3,1,1,3,3,5,3,117,206,77,102
258,17,1,4,4,0,3,5,2,0,1,2,2,2,1,1,1,2,2,2,2,1,1,3,0,3,2,0,4,1,3,1,4,1,2,5,2,0,3,3,3,4,2,0,0,1,3,1,1,1,3,5,2,3,0,3,2,1,0,2,4,0,2,3,2,0,2,2,5,1,3,4,3,4,5,2,1,1,5,3,1,2,2,0,0,0,1,0,2,3,3,4,1,1,0,0,3,4,1,0,3,2,3,3,3,1,2,3,4,1,1,4,0,5,3,2,1,2,5,2,3,4,2,1,3,5,4,1,3,3,1,0,3,118,157,84,95
259,16,1,0,1,1,3,2,4,2,1,1,3,4,5,2,3,3,3,0,5,0,5,1,3,2,4,4,3,0,2,2,3,2,1,3,5,2,2,4,2,3,1,1,3,3,1,4,1,2,2,2,3,0,2,2,1,2,3,2,3,0,3,1,1,5,0,0,0,0,3,0,4,0,5,3,2,0,2,1,1,2,0,3,1,0,0,0,3,4,0,0,2,2,1,1,0,4,1,0,3,0,0,3,3,1,2,0,3,1,2,3,0,0,3,3,0,1,0,3,0,0,0,1,0,0,4,0,3,3,2,3,2,137,101,90,84
260,14,1,5,2,1,3,3,4,2,2,3,1,4,3,3,3,3,0,3,1,3,2,1,1,4,1,4,2,0,4,4,3,5,1,2,4,2,3,1,3,4,3,2,3,4,2,0,3,0,3,4,1,2,3,2,5,2,3,3,3,3,4,0,0,2,1,0,2,2,0,0,1,3,3,1,4,0,2,0,1,4,1,1,2,1,1,0,4,2,3,4,2,3,0,1,3,0,2,2,3,1,1,1,3,2,0,4,3,4,1,1,3,0,2,2,0,0,4,2,3,1,2,1,3,2,0,2,5,2,4,4,1,155,125,88,106
261,16,1,3,3,0,1,3,5,4,2,1,4,3,2,3,3,1,3,3,5,1,2,4,2,3,3,3,2,4,1,3,4,5,4,4,3,0,3,4,3,2,4,2,4,4,4,4,5,5,2,1,4,4,3,3,3,4,2,1,4,1,0,1,4,1,4,3,3,3,1,5,5,0,5,3,1,3,2,4,5,4,2,2,1,3,3,1,5,3,4,3,3,2,2,0,2,0,5,0,3,4,2,1,5,4,0,4,3,3,0,2,4,3,3,2,3,2,0,5,2,4,4,4,4,0,2,1,0,1,3,3,2,173,181,85,112
262,16,1,5,5,3,2,4,5,2,2,1,3,3,3,3,1,5,1,3,3,4,4,2,4,2,0,1,3,3,3,2,3,3,3,4,3,4,4,4,3,2,1,4,5,5,0,3,5,4,2,1,3,4,3,1,5,4,2,3,4,1,1,3,1,0,0,2,4,5,2,1,0,3,2,0,2,1,0,5,2,3,3,1,2,2,0,5,2,1,2,1,2,3,3,0,4,1,1,2,3,1,1,2,1,1,2,3,0,4,0,3,5,0,3,0,1,3,2,3,2,2,0,1,3,3,0,5,1,3,3,4,2,176,138,86,98
263,16,0,1,2,5,4,3,3,1,3,4,1,3,2,2,5,5,4,5,2,5,5,4,2,4,5,3,5,4,4,4,1,3,2,5,3,3,2,4,3,4,1,5,4,3,5,1,5,4,3,3,5,2,3,4,2,4,5,4,2,3,2,4,2,1,5,2,2,3,4,0,0,4,1,3,4,0,1,1,5,0,5,3,1,3,2,5,4,2,3,1,2,3,2,2,1,2,1,1,2,1,2,2,4,4,1,3,2,5,3,2,3,2,2,4,3,0,2,1,3,0,0,1,2,2,3,1,4,2,4,2,0,200,157,96,101
264,15,0,4,2,3,1,2,2,2,0,4,1,2,2,2,1,4,1,3,2,1,3,3,4,0,2,5,5,4,4,0,1,4,1,0,5,2,2,3,4,0,3,1,3,1,4,2,2,1,2,0,2,1,2,3,4,1,1,1,3,1,5,0,2,3,3,3,4,2,3,3,1,1,4,1,2,3,1,5,3,3,0,4,1,2,2,4,0,4,3,4,4,3,1,1,1,4,1,0,2,1,2,0,0,0,1,2,0,0,2,2,4,3,3,2,3,1,0,0,3,2,1,3,3,1,1,2,1,0,2,2,1,134,136,67,87
265,15,1,4,1,4,3,3,3,4,3,5,3,1,4,5,2,4,2,3,4,2,3,3,2,2,3,5,3,3,0,5,5,3,0,5,4,5,2,3,3,3,3,5,2,3,2,3,4,1,1,5,1,2,1,2,5,5,2,4,3,5,2,3,2,0,4,2,5,1,3,2,4,0,1,2,1,2,3,3,4,1,4,3,4,1,2,0,3,2,1,2,1,1,1,1,4,1,3,3,4,0,4,4,4,0,2,2,3,5,0,2,4,2,4,0,4,3,1,1,1,3,3,2,1,2,3,3,2,2,4,2,4,183,161,105,86
266,14,0,4,2,2,5,3,2,4,5,2,2,0,3,1,2,2,3,4,2,3,2,2,5,3,2,4,4,1,2,5,0,5,4,4,0,1,2,2,4,4,0,1,1,5,1,1,3,2,2,2,5,4,1,3,0,4,3,0,3,4,1,0,5,0,2,5,4,1,0,4,3,1,2,4,2,3,1,0,5,1,1,0,3,3,3,3,2,1,4,3,3,3,2,0,1,4,4,0,4,1,3,2,1,1,0,4,1,1,0,1,0,3,2,3,3,0,1,3,1,1,2,1,2,4,4,0,1,2,2,0,2,153,139,88,110
267,16,0,3,1,3,3,4,5,3,2,2,2,4,5,2,3,3,4,0,3,3,0,3,1,3,2,0,3,3,0,3,1,0,2,4,4,2,2,3,4,3,3,2,3,2,2,1,1,2,4,3,0,1,4,4,1,3,3,2,0,3,3,3,4,0,1,1,3,2,3,5,4,1,2,4,0,1,0,1,5,3,2,1,3,3,2,2,2,2,1,2,3,3,1,4,2,1,0,2,1,2,1,1,2,2,2,4,2,2,4,3,1,1,1,1,2,3,0,2,0,2,5,0,3,1,1,3,0,2,2,1,3,145,139,105,97
268,17,0,3,3,3,0,4,1,2,2,1,4,4,1,4,2,0,2,3,3,1,2,2,2,4,1,4,2,3,3,1,3,3,5,5,5,3,2,1,3,4,2,2,1,2,4,1,2,3,5,4,4,3,4,3,5,2,3,5,1,1,3,1,5,2,3,1,3,2,0,1,1,3,3,0,1,3,0,0,4,3,0,2,2,1,0,3,2,3,3,1,4,1,3,4,0,3,2,2,1,1,3,5,3,0,1,3,4,3,0,3,0,1,5,4,3,0,3,4,0,4,1,0,5,1,1,2,3,4,0,0,1,161,141,79,81
269,15,1,5,2,3,5,1,5,4,5,2,3,3,5,3,2,2,4,3,3,0,5,2,2,4,3,2,5,5,3,3,4,4,4,5,5,5,5,5,2,4,2,4,2,2,2,3,5,4,5,4,5,4,3,3,3,3,4,2,2,3,2,1,5,4,3,3,1,1,3,2,1,1,1,1,0,1,4,1,1,2,4,4,1,0,0,2,2,3,4,2,3,4,5,1,2,1,3,0,3,4,1,2,2,1,5,4,2,0,0,1,2,2,3,0,5,4,4,1,1,4,1,2,2,2,5,2,0,5,1,1,5,204,154,86,110
270,15,0,0,3,3,2,0,3,5,1,2,5,3,5,3,3,1,5,4,0,0,1,4,4,4,3,5,2,1,2,4,1,4,1,0,5,2,1,4,2,0,1,4,3,5,2,5,4,0,3,4,2,3,1,4,3,2,1,2,0,3,2,3,5,0,3,0,1,1,3,0,4,0,3,3,0,1,1,0,3,2,4,2,4,4,2,2,2,2,3,4,3,4,3,3,1,2,2,4,3,0,2,5,3,2,2,1,3,2,3,4,5,1,2,3,1,3,4,4,0,3,5,0,3,3,3,1,2,3,2,3,2,152,167,111,118
271,15,1,1,3,2,3,1,1,0,3,2,2,3,3,3,3,3,0,3,3,2,5,0,5,1,2,5,1,1,3,1,2,2,3,3,2,3,5,0,3,0,4,5,5,1,1,4,0,5,4,2,3,2,4,1,2,3,4,4,4,3,2,5,3,2,4,2,4,1,1,1,0,4,3,4,3,0,0,3,2,4,2,1,1,4,3,4,1,0,1,2,4,5,5,4,3,3,1,0,3,1,2,3,0,1,3,4,2,0,3,2,2,2,0,0,2,3,0,0,1,1,1,2,2,3,3,3,0,4,5,3,3,151,154,79,85
272,16,0,5,4,3,5,5,1,4,5,4,1,4,1,2,1,2,2,1,2,4,3,0,1,5,4,3,2,2,3,4,3,5,4,4,3,4,3,3,3,4,5,4,2,4,2,5,5,0,3,2,5,5,1,3,0,5,3,5,2,3,5,1,2,3,3,0,4,4,0,4,2,1,1,3,3,1,4,2,0,1,3,3,4,0,2,2,3,3,2,4,2,2,3,5,0,4,3,1,1,4,3,1,4,2,1,2,3,2,2,1,3,2,2,4,5,0,5,5,2,4,4,4,3,4,1,3,2,4,5,2,3,188,178,118,131
273,16,1,1,1,0,0,1,1,3,1,5,2,2,5,2,1,2,2,3,0,4,5,3,3,2,0,1,3,4,3,4,2,0,0,2,3,1,2,1,3,2,4,2,3,2,4,3,3,3,4,4,3,3,5,3,2,3,1,4,4,5,1,5,4,2,2,3,4,3,1,2,4,4,3,2,4,2,4,3,3,4,1,3,5,1,2,1,1,3,5,0,0,1,3,5,0,3,5,5,3,0,2,2,2,0,2,2,1,5,4,3,1,1,1,4,4,2,4,2,4,2,3,2,0,1,4,4,4,4,3,2,3,146,184,92,104
274,17,0,3,2,1,1,1,0,3,1,0,5,1,5,1,1,0,3,3,1,1,3,1,3,3,1,0,3,0,5,0,0,1,0,0,1,4,0,1,2,3,2,1,2,4,3,0,3,0,0,2,1,2,2,1,0,3,4,0,1,2,0,4,5,0,0,1,0,1,2,2,2,3,3,0,2,2,0,0,3,1,0,0,3,1,5,2,2,2,1,3,2,1,0,2,4,2,3,0,3,3,2,1,3,3,3,3,0,0,2,2,4,2,0,0,0,3,2,0,0,4,2,4,3,0,5,2,0,3,0,2,1,97,126,110,107
275,14,0,2,5,4,2,2,4,0,2,4,1,5,5,4,4,2,3,4,3,3,4,2,3,1,2,3,2,3,3,3,2,3,3,5,1,2,5,3,4,5,2,2,1,3,4,5,2,2,3,3,4,4,5,3,2,3,3,3,3,4,2,2,2,1,1,2,1,0,0,0,0,0,4,0,2,0,3,2,2,1,0,3,0,0,2,2,2,0,0,1,3,0,1,3,2,2,0,0,2,0,1,3,1,1,1,1,1,3,0,1,0,3,1,1,4,1,3,0,1,0,1,1,2,2,0,0,0,0,0,0,0,181,79,106,123
276,17,1,2,4,1,3,4,3,4,2,3,4,3,1,3,4,4,1,0,0,1,2,5,2,4,1,4,4,0,3,0,2,1,0,1,3,1,3,1,0,0,2,5,0,0,2,0,1,1,5,2,3,2,2,0,4,0,4,0,2,1,0,3,3,4,3,1,0,2,1,1,2,2,2,2,0,2,4,2,0,1,5,4,2,4,3,2,0,3,2,0,0,5,1,1,5,3,4,4,2,4,1,0,3,2,3,0,3,2,5,2,5,2,1,2,3,4,3,4,1,2,1,2,1,0,3,4,0,3,5,4,0,120,160,100,102
277,17,0,1,1,2,2,5,4,2,1,3,4,4,3,0,3,3,3,3,3,3,1,1,4,4,4,2,2,2,2,1,3,3,1,1,2,3,2,2,2,2,5,3,2,1,4,4,5,5,4,3,3,0,2,5,3,2,4,2,4,3,3,3,2,4,1,1,3,2,3,0,0,0,1,0,0,3,1,3,1,0,1,5,3,0,2,4,5,4,0,1,2,2,0,4,2,0,3,2,1,3,4,1,1,5,2,0,2,4,4,0,1,2,2,1,3,1,3,3,1,1,1,3,0,3,0,4,3,5,0,2,0,161,134,86,96
278,15,0,5,2,2,1,1,2,5,5,2,1,3,5,4,4,5,4,4,4,3,0,2,2,3,3,4,0,2,1,2,2,1,2,2,2,2,4,4,3,1,0,0,2,4,0,5,3,5,3,4,4,2,3,5,1,2,1,2,2,3,2,2,3,0,2,1,2,1,3,1,0,1,1,3,5,3,2,0,3,5,2,2,1,5,4,1,0,2,1,2,2,2,0,4,2,3,1,4,3,4,2,3,2,0,2,2,3,4,3,0,1,2,5,0,3,0,2,1,3,1,0,0,3,2,4,0,1,1,2,2,4,157,141,95,95
279,17,1,3,0,3,3,0,1,2,2,0,1,0,2,2,1,1,3,3,2,4,1,1,1,2,4,1,2,2,5,1,2,2,5,0,3,1,0,0,4,2,2,2,1,2,0,2,1,1,3,2,1,1,2,1,0,0,0,2,2,1,0,4,4,5,2,2,4,1,2,2,2,1,3,2,1,3,2,3,3,0,5,4,5,0,4,4,1,5,1,0,2,0,2,2,5,1,1,0,3,1,3,4,2,3,1,3,3,3,4,2,0,2,3,4,1,4,0,2,4,1,1,0,3,0,5,5,3,1,4,3,3,98,169,97,106
280,15,1,0,0,3,0,1,1,0,0,1,2,3,0,3,1,0,1,4,1,2,1,2,1,1,2,2,0,2,3,3,3,0,3,2,3,4,1,1,1,3,1,0,3,4,4,5,3,1,1,2,2,2,0,3,3,2,1,0,2,1,0,3,2,2,3,1,0,4,5,3,3,0,5,0,3,2,2,4,5,3,0,2,4,3,0,2,1,4,3,2,4,4,1,4,2,5,4,1,4,2,2,1,5,3,2,3,3,4,5,3,5,5,2,2,2,1,1,5,4,1,5,4,0,3,4,2,5,5,3,2,2,101,196,73,76
281,16,0,1,1,2,1,0,5,2,2,2,4,2,0,1,4,3,0,1,2,2,2,3,0,4,3,1,0,2,1,0,3,1,2,4,2,0,1,2,0,2,0,0,4,2,4,2,1,2,2,1,2,2,2,2,4,1,3,3,2,1,1,1,1,4,0,0,0,3,3,4,1,1,1,2,0,1,3,1,2,0,3,3,4,3,0,0,4,4,3,0,3,0,1,4,0,0,3,0,3,3,5,1,2,5,2,0,1,0,2,2,2,1,0,2,0,0,4,1,2,2,3,1,0,1,3,0,3,0,0,3,2,109,119,99,111
282,16,1,3,2,3,3,1,5,2,0,5,3,4,3,1,1,4,4,2,3,0,1,4,2,3,5,1,2,2,2,1,4,2,2,2,1,3,5,2,2,3,4,2,3,0,3,2,2,3,1,3,1,1,2,3,0,1,0,1,2,4,3,4,2,2,2,3,0,0,0,3,3,0,3,1,2,0,1,0,4,3,0,0,1,2,0,1,0,3,4,3,2,2,0,0,0,2,1,0,2,1,2,3,0,3,0,3,0,2,0,0,2,0,3,2,0,0,0,1,3,0,1,0,3,4,1,0,0,0,0,0,3,139,93,122,109
283,16,0,3,2,2,2,3,3,0,0,1,2,2,3,3,2,2,3,1,2,3,1,4,1,4,4,5,1,4,1,1,3,2,1,4,3,1,1,2,2,0,3,4,1,2,5,3,1,2,1,2,3,4,2,1,5,4,1,3,3,1,3,1,0,2,5,0,3,1,2,2,1,4,2,1,0,1,5,2,0,0,2,2,1,3,2,1,1,5,1,1,2,0,1,1,3,0,1,4,4,2,3,2,0,3,4,2,1,2,0,0,0,1,0,0,1,3,3,5,1,3,2,4,4,2,0,0,5,3,2,0,2,138,127,91,108
284,16,0,3,2,2,3,2,0,2,2,5,0,2,3,2,0,3,0,0,4,2,2,2,1,3,2,3,2,2,3,3,3,2,1,2,1,3,3,0,1,3,1,2,3,0,0,0,1,4,5,2,3,3,2,2,3,2,1,3,4,3,1,5,3,5,3,3,0,2,2,3,1,0,2,1,2,0,2,1,4,3,0,0,2,5,2,4,1,0,5,1,4,3,4,4,5,5,0,3,4,3,2,5,1,0,3,3,1,1,4,4,1,3,2,2,2,2,3,3,2,2,2,2,1,5,2,5,1,2,1,5,3,124,172,107,126
285,14,1,4,3,2,3,3,2,1,5,4,3,0,3,1,3,3,3,1,0,3,3,5,3,3,2,3,3,3,1,2,2,2,4,5,3,3,3,5,5,2,1,4,0,1,5,5,1,3,4,0,0,3,1,3,5,2,3,3,4,4,5,3,2,2,2,2,3,1,3,0,4,3,4,0,2,4,3,3,1,2,0,0,0,3,3,4,2,4,5,3,1,1,1,0,1,3,2,1,2,2,3,1,5,2,3,4,2,3,2,3,3,3,0,2,4,0,0,4,3,1,4,3,0,0,0,1,1,2,3,5,3,166,152,81,79
286,16,1,1,2,3,4,5,3,3,5,2,2,2,3,4,4,5,2,3,2,4,5,5,4,2,2,3,4,5,3,0,2,2,0,3,3,3,3,0,3,3,2,4,3,3,1,1,4,2,3,4,2,5,3,2,1,2,5,2,3,0,3,0,4,1,3,5,5,3,1,3,4,0,3,0,4,4,4,3,4,5,3,5,5,5,1,2,5,1,1,3,1,0,2,2,4,0,3,0,2,3,1,5,3,2,1,1,3,1,3,4,5,1,1,2,3,3,4,1,2,0,0,3,2,3,1,1,3,4,5,2,1,169,175,99,104
287,17,0,3,3,2,4,3,1,1,4,0,4,5,4,3,5,1,3,4,2,3,4,4,2,3,0,4,0,4,4,3,2,3,3,2,2,1,4,2,3,4,2,4,2,3,1,2,5,2,3,4,5,3,3,5,5,4,3,2,3,4,5,5,0,2,0,2,4,0,3,4,0,4,2,0,1,0,0,0,3,1,5,2,3,2,0,2,3,3,1,4,1,0,0,4,0,2,2,0,2,3,0,1,0,0,4,2,2,0,2,1,0,1,1,0,0,2,3,1,0,3,2,4,0,1,0,3,4,0,4,4,1,179,116,103,87
288,16,0,4,2,4,3,4,2,2,2,4,4,0,0,5,5,2,2,3,2,1,2,1,3,3,5,4,3,1,3,2,5,3,2,4,3,1,3,2,2,5,3,2,5,3,3,3,2,3,5,3,1,2,4,3,2,1,2,5,5,2,2,1,3,0,0,0,1,1,2,0,4,2,0,2,0,0,2,2,4,0,0,4,0,0,0,0,3,2,3,0,1,2,2,0,2,1,0,3,2,0,0,1,0,0,2,2,3,4,3,1,0,0,3,0,3,2,1,0,3,2,0,3,2,2,2,5,1,3,3,0,0,169,100,80,104
289,15,0,4,5,2,4,5,4,0,3,1,2,4,3,4,3,5,4,2,3,0,5,3,4,3,5,3,3,5,4,2,5,4,4,4,2,5,0,2,3,0,2,3,4,5,1,5,4,4,3,2,0,2,3,4,0,1,4,4,4,3,1,0,0,2,0,2,2,5,4,0,1,4,4,2,5,5,3,0,4,1,1,0,2,3,0,1,3,3,5,4,4,1,4,1,4,5,3,3,1,1,3,5,3,4,5,1,5,4,2,4,1,1,4,3,1,1,4,0,3,0,2,0,2,5,2,3,2,3,5,1,3,183,175,104,128
290,16,1,3,1,0,3,2,2,2,3,3,3,4,2,3,2,4,1,3,3,3,2,1,4,2,2,1,4,2,2,0,2,0,1,2,3,1,2,1,1,1,5,0,1,3,3,2,2,1,4,2,2,5,3,3,4,4,1,1,2,3,2,2,4,1,2,2,1,0,3,0,0,1,0,3,0,1,0,2,1,0,3,2,1,0,1,4,1,0,1,1,0,1,0,2,4,3,1,2,1,0,0,3,3,3,1,0,3,4,0,1,0,2,0,4,5,0,1,5,0,0,3,0,2,2,0,3,2,3,4,2,5,134,112,103,114
291,16,1,3,3,0,3,4,0,0,0,1,3,1,2,2,2,1,0,0,0,2,4,2,0,0,0,1,2,1,0,1,1,3,2,2,2,0,0,2,2,0,3,1,0,1,0,3,4,0,5,0,1,2,0,2,1,4,0,3,3,1,1,2,2,0,5,2,2,1,0,0,2,1,3,3,0,1,3,2,0,0,2,0,2,1,0,3,3,0,0,2,0,2,2,2,3,1,0,0,3,1,2,4,0,2,1,1,3,4,2,4,0,2,0,2,2,0,2,3,2,2,1,0,1,2,5,5,0,1,3,1,4,87,117,94,103
292,17,1,2,3,0,2,2,1,0,1,2,0,3,1,4,1,2,1,5,4,2,2,1,2,2,2,4,2,3,2,3,0,3,2,0,1,0,1,0,5,0,0,3,0,2,0,3,1,2,3,2,2,3,2,5,5,0,2,3,0,0,5,4,3,4,2,5,1,1,2,3,3,4,0,2,2,1,3,2,4,1,4,3,3,4,2,2,4,3,3,2,3,3,2,5,5,2,1,5,2,5,2,1,3,2,5,3,5,1,1,3,2,5,5,2,2,2,4,1,5,0,2,0,3,4,1,1,3,2,4,4,2,114,190,98,115
293,17,1,2,1,5,5,3,5,1,4,0,2,1,2,3,4,3,2,4,3,3,1,4,4,3,5,3,2,5,3,5,5,0,5,3,2,5,2,3,1,3,4,5,3,5,1,2,3,4,3,3,3,1,4,2,3,2,3,4,2,4,0,0,3,2,3,4,1,1,0,0,1,4,0,0,1,0,1,0,1,3,1,0,0,2,5,3,3,0,2,2,4,0,2,4,4,1,2,2,2,1,0,3,0,2,1,0,1,3,0,0,4,1,2,3,3,0,0,2,5,2,4,1,4,1,3,0,1,2,0,2,1,178,116,94,115
294,15,0,4,3,5,2,1,5,4,5,4,3,2,3,2,3,1,2,2,0,3,2,2,5,3,3,4,3,4,0,4,3,5,2,4,3,2,2,2,1,3,3,2,2,2,2,2,2,3,5,4,0,2,2,3,4,2,2,3,2,3,3,5,0,1,1,3,5,4,3,0,2,0,0,3,0,3,2,3,1,2,2,1,3,0,3,3,4,1,2,4,1,5,4,3,4,2,3,3,0,0,5,2,3,4,0,3,3,1,1,2,0,4,0,2,5,3,3,4,0,0,0,3,2,2,0,0,2,2,5,3,4,164,154,70,91
295,16,1,1,5,2,1,4,2,3,4,4,5,4,5,5,5,3,3,5,5,5,3,3,4,5,3,1,5,3,4,4,4,1,2,3,3,0,5,2,4,3,2,3,3,3,3,3,4,5,1,3,3,1,1,2,2,1,2,2,4,3,3,3,3,4,2,0,1,2,3,0,2,0,1,2,0,4,2,5,0,4,0,3,1,2,2,1,3,3,0,5,2,1,3,2,0,0,4,5,1,1,2,1,0,1,2,2,3,1,0,2,0,1,1,0,0,1,0,4,2,2,3,3,2,1,1,1,4,2,1,4,1,187,125,98,111
296,16,0,2,1,2,2,3,4,1,2,3,4,3,3,2,4,5,2,1,2,2,2,1,5,2,2,3,4,0,2,3,1,3,2,0,1,3,2,5,2,1,5,3,3,0,1,1,3,2,2,4,1,3,2,2,5,5,2,2,2,3,4,4,0,4,3,2,0,0,2,2,1,0,1,4,1,0,5,1,4,1,3,3,2,2,1,0,1,3,3,1,4,2,1,2,2,0,3,1,4,3,2,1,2,4,1,4,0,0,4,1,1,3,2,0,2,0,2,0,0,1,0,1,1,2,0,1,0,5,1,1,2,147,120,89,106
297,16,1,2,3,4,0,4,3,4,2,3,0,0,3,0,4,3,4,2,3,2,0,3,2,0,1,2,2,4,2,2,3,1,4,2,0,3,4,3,1,0,1,0,4,2,2,2,0,4,0,2,2,3,3,1,4,4,1,4,3,3,3,1,3,2,2,1,2,0,2,4,1,3,3,4,4,1,0,0,3,0,0,0,3,2,0,1,1,3,1,1,0,0,0,4,3,2,4,5,0,3,1,1,0,2,4,2,5,2,1,1,4,2,3,1,2,2,1,2,2,0,1,1,4,3,2,1,3,3,2,3,2,133,132,115,128
298,15,0,4,2,4,4,5,3,2,5,3,2,3,2,1,3,3,2,3,5,1,3,2,2,2,3,2,2,4,0,1,4,3,0,5,3,1,3,2,3,4,3,2,2,4,1,5,4,5,4,5,2,1,1,3,0,5,4,3,2,5,3,0,0,4,0,5,2,2,2,2,0,2,2,5,0,0,2,0,4,5,3,4,1,3,0,3,3,1,2,3,2,0,1,0,2,2,4,3,0,3,1,1,1,2,0,3,5,2,3,3,1,3,1,0,0,1,2,2,0,1,0,1,2,1,2,2,2,2,0,1,0,170,122,99,104
299,17,0,3,4,3,3,3,5,5,3,3,1,4,3,3,2,2,3,3,3,5,4,1,1,2,3,3,4,2,5,4,5,3,3,2,4,2,3,0,1,4,4,5,4,2,1,3,2,3,4,5,2,3,0,1,4,3,2,0,5,2,4,3,0,3,1,3,0,3,3,3,1,1,0,0,1,3,1,0,3,1,1,3,5,5,2,0,0,3,2,4,3,1,3,0,4,1,5,4,2,5,2,3,1,2,0,1,0,3,3,2,2,4,2,4,2,3,2,3,2,4,3,4,1,0,2,1,5,4,1,3,0,176,152,91,94
300,17,0,5,4,3,2,4,5,0,5,4,5,2,5,4,2,2,3,1,4,3,2,3,4,3,0,2,3,0,3,3,3,4,4,3,3,4,3,4,1,1,5,3,3,1,5,5,0,0,1,5,2,3,1,3,1,1,3,0,0,3,3,3,4,3,5,5,2,2,0,1,3,0,1,2,3,3,5,3,3,3,1,3,1,0,1,0,4,3,4,4,2,1,3,0,2,2,1,0,4,2,2,1,3,0,2,1,2,3,1,3,4,4,2,0,2,4,1,4,1,2,4,1,1,0,2,2,3,2,5,1,5,164,157,104,114
