ID,E,R1,R2,R3,R4,R5,R6,R7,R8,R9,R10,R11,R12,R13,R14,R15,R16,R17,R18,R19,R20,R21,R22,R23,R24,R25,R26,R27,R28,R29,R30,R31,R32,R33,R34,R35,R36,R37,R38,R39,R40,R41,R42,R43,R44,R45,R46,R47,R48,R49,R50,R51,R52,R53,R54,R55,R56,R57,R58,R59,R60,Total_R,T1,T2,T3,T4,T5,T6,T7,T8,T9,T10,T11,T12,T13,T14,T15,T16,T17,T18,T19,T20,T21,T22,T23,T24,T25,T26,T27,T28,T29,T30,Total_T
1,20,3,1,4,1,1,4,1,1,1,4,4,2,1,4,2,3,3,3,5,3,5,1,3,1,2,5,5,2,2,1,2,2,5,5,1,3,5,2,3,1,5,1,5,1,5,2,5,1,5,3,3,4,1,2,5,5,5,4,1,2,172,2,3,2,2,2,2,1,2,2,4,2,3,3,4,3,3,3,2,4,4,4,4,3,3,3,2,4,4,2,4,86
2,20,3,2,5,5,1,4,4,4,4,4,1,1,2,5,3,2,1,3,1,5,2,5,1,4,1,1,5,5,3,1,1,5,4,2,2,3,5,4,3,2,1,5,4,4,4,5,4,5,3,4,2,3,3,4,3,4,3,5,5,2,192,1,4,2,3,3,4,3,4,4,2,3,3,4,4,4,2,2,3,3,3,3,2,2,2,4,1,3,1,4,1,84
3,23,1,3,1,3,2,5,4,4,5,3,5,4,1,4,5,1,5,2,5,3,5,5,4,1,1,3,1,1,2,3,5,1,2,3,2,5,1,1,1,3,3,5,3,4,3,4,3,1,5,3,2,2,3,1,3,4,4,5,3,1,178,1,3,4,3,2,4,3,4,3,4,2,2,3,1,3,3,4,4,4,4,2,2,2,3,4,3,3,4,4,3,91
4,22,1,1,4,1,4,1,1,3,4,2,1,2,1,3,3,4,5,4,2,3,1,1,1,1,1,3,4,3,3,5,1,5,3,3,1,1,4,2,2,1,5,5,5,2,1,4,2,3,2,5,5,4,3,5,5,4,1,4,4,4,169,4,2,3,2,3,4,4,4,2,3,2,1,4,2,3,3,2,4,2,2,4,2,2,2,1,3,2,3,3,3,81
5,21,3,5,2,2,5,2,1,3,2,2,4,3,5,1,5,1,5,4,2,4,4,5,2,2,2,5,4,3,5,2,1,3,1,2,4,2,5,4,1,5,2,3,3,1,4,3,1,2,2,1,3,5,3,2,1,1,5,1,1,2,169,3,3,4,4,3,3,4,4,2,3,4,3,3,2,4,4,2,2,3,3,3,2,3,2,3,3,3,4,4,1,91
6,24,5,1,3,1,5,4,4,3,2,3,5,3,5,3,5,1,2,2,4,3,5,4,5,4,5,2,5,3,5,3,5,4,1,4,5,1,2,5,1,3,3,4,5,2,1,5,5,4,5,1,1,2,5,3,5,4,2,1,2,5,201,4,2,3,2,3,3,3,3,1,2,3,4,3,3,2,1,4,3,3,2,3,3,2,2,3,2,1,4,2,4,80
7,24,4,5,1,5,3,1,4,3,5,2,3,3,1,5,3,4,5,2,4,1,1,2,3,3,5,3,1,2,2,1,5,3,5,1,4,3,5,3,1,4,3,5,3,3,4,2,4,5,5,3,2,3,1,5,2,5,5,4,1,3,189,4,3,3,3,2,2,1,2,3,2,4,4,3,3,4,4,3,2,2,2,3,2,4,1,2,4,1,3,2,2,80
8,24,3,2,2,2,2,3,5,5,2,4,3,5,3,2,3,1,1,3,4,5,2,3,3,3,4,5,2,5,4,4,5,1,5,4,3,1,1,3,5,5,5,4,5,5,5,1,4,1,5,3,4,2,2,3,3,2,1,1,1,5,190,2,4,4,4,3,4,2,2,3,4,2,3,2,4,2,3,2,3,2,3,4,4,3,2,3,4,4,2,3,4,91
9,23,1,1,1,4,5,2,4,5,5,5,1,1,5,2,4,1,3,1,2,1,4,3,5,3,2,5,1,2,4,5,2,1,3,3,1,3,3,5,1,1,4,2,5,3,5,5,1,5,3,4,5,1,2,3,4,3,1,3,1,4,175,3,3,3,1,2,3,3,4,3,4,3,3,1,2,3,4,3,4,3,4,3,4,2,2,3,4,3,4,1,4,89
10,20,3,2,2,3,5,2,4,1,1,5,2,5,5,3,2,5,3,1,1,5,4,2,4,5,2,5,3,1,3,5,1,2,5,4,5,5,5,2,5,2,4,1,4,4,2,2,2,4,1,1,5,2,1,1,5,1,3,4,3,4,184,2,2,3,3,4,2,2,2,3,3,3,2,3,4,3,4,4,2,2,3,4,4,3,4,3,2,1,3,3,2,85
11,24,5,3,5,2,1,5,1,5,4,5,3,1,2,3,3,3,5,5,1,5,2,4,3,1,5,1,4,5,1,3,3,1,4,3,1,5,4,1,2,3,4,5,5,2,3,3,4,1,1,2,4,3,3,1,2,3,3,2,2,1,177,3,3,3,4,1,4,3,4,3,2,2,3,2,2,3,4,4,2,4,1,2,3,3,3,2,2,3,3,3,4,85
12,24,5,4,5,3,1,1,3,5,2,1,4,2,2,2,4,5,1,4,2,3,5,1,3,1,4,2,2,3,4,4,4,5,5,2,3,5,4,3,2,1,4,1,4,4,2,4,3,1,5,5,3,4,1,2,3,4,3,1,5,3,184,4,4,2,4,3,4,3,4,4,2,4,3,3,4,3,3,4,3,2,2,2,2,3,3,4,2,3,3,4,4,95
13,20,3,2,2,4,4,3,3,3,1,1,3,3,3,1,1,1,5,2,1,5,4,3,2,5,2,5,5,1,2,2,3,5,2,2,5,4,1,3,1,5,1,5,2,5,4,1,2,5,3,4,2,2,1,3,1,2,5,1,1,2,165,2,3,4,3,4,3,4,2,2,4,3,2,2,1,4,3,2,4,3,3,4,4,4,3,2,4,3,2,4,3,91
14,21,1,3,2,2,4,4,5,5,5,1,4,5,3,3,4,1,5,2,5,4,1,5,5,5,2,5,3,4,5,5,4,5,5,3,5,5,4,4,1,4,2,1,5,1,1,4,3,5,5,1,2,4,4,1,5,1,2,1,4,1,201,3,4,2,3,3,3,2,1,3,3,4,4,3,4,2,3,3,1,3,2,3,3,3,3,3,4,2,2,3,3,85
15,20,1,4,4,5,4,2,1,1,1,5,2,2,5,1,1,5,5,3,3,4,3,5,2,5,1,3,4,3,5,2,4,5,1,5,2,5,4,1,2,1,2,1,1,4,3,1,1,3,2,5,3,2,5,1,4,4,1,2,2,4,173,4,2,4,3,4,3,1,3,2,4,4,1,3,3,4,2,2,4,2,2,2,4,3,4,3,2,2,4,2,4,87
16,24,1,5,4,5,1,1,1,3,2,4,5,2,1,1,4,1,5,5,2,5,3,1,5,1,3,5,3,1,2,4,4,3,4,5,4,5,2,2,3,2,3,1,3,2,4,1,5,4,2,5,1,5,2,4,2,3,1,5,5,4,182,4,3,2,4,4,4,4,3,3,3,2,4,3,3,4,3,4,3,3,3,4,1,3,3,4,1,4,2,3,3,94
17,22,2,3,5,5,5,1,3,5,5,5,1,3,5,1,3,1,1,5,2,1,1,1,2,3,4,5,2,3,5,3,1,5,2,3,1,3,1,2,1,3,5,4,5,4,2,1,2,2,2,4,5,2,5,1,5,2,1,5,3,4,177,4,3,2,3,4,3,4,2,3,4,2,4,2,2,3,2,4,1,3,4,4,4,3,3,2,3,3,3,3,2,89
18,22,3,1,3,5,4,2,1,5,3,3,5,1,3,1,1,4,4,5,1,1,1,5,4,3,5,5,5,3,4,2,3,5,5,4,2,2,2,1,5,5,3,4,2,2,1,2,3,2,3,3,4,5,4,3,1,5,2,2,5,4,187,3,4,3,2,2,4,3,2,3,4,4,3,4,3,2,3,1,2,2,4,2,4,3,3,4,3,3,4,3,3,90
19,23,3,1,3,1,2,3,1,2,5,4,3,4,1,5,3,5,1,5,1,3,2,5,3,5,3,5,1,2,3,3,1,5,5,4,4,1,3,4,2,1,2,1,2,3,4,1,3,4,1,2,4,5,3,5,2,3,1,4,3,5,176,4,3,2,3,3,2,2,3,3,3,3,3,3,4,4,4,3,2,2,3,4,3,4,3,3,3,3,2,4,4,92
20,20,5,5,5,3,4,2,1,5,2,5,1,5,5,5,1,5,1,1,3,3,5,5,4,3,5,3,1,5,1,3,1,2,5,3,3,5,4,2,5,4,4,2,1,5,5,3,1,1,5,5,3,5,2,5,5,2,2,2,2,5,201,1,4,3,2,1,3,2,2,4,3,4,2,2,2,3,4,4,3,3,3,4,3,3,3,3,2,2,4,3,2,84
21,24,3,1,3,4,4,1,3,5,2,1,3,2,4,2,4,4,2,1,4,1,5,2,3,3,2,4,5,3,4,1,1,5,2,5,1,2,3,2,5,5,1,2,5,2,5,5,4,3,2,5,2,4,3,1,2,4,1,4,5,1,178,4,3,2,1,3,3,2,2,3,4,4,2,4,3,4,3,4,4,2,3,4,2,4,3,3,3,3,3,4,4,93
22,22,3,4,3,5,1,4,3,5,5,4,3,3,1,2,2,2,5,2,2,3,1,5,5,5,1,1,5,2,4,1,5,1,5,3,3,3,5,3,4,2,3,1,3,1,4,4,5,3,2,5,4,3,2,1,5,4,4,4,1,3,188,3,4,3,2,1,2,4,3,4,4,2,3,4,4,3,2,3,2,4,3,3,2,4,3,4,4,2,4,2,3,91
23,21,1,3,4,4,1,2,2,5,1,5,2,2,1,2,1,4,3,5,5,5,1,1,3,4,3,3,4,5,4,1,1,3,1,2,2,2,1,2,5,2,5,3,3,5,1,1,4,2,1,5,4,4,1,4,2,1,2,2,3,5,166,2,2,2,3,2,3,3,2,4,1,3,1,4,4,1,4,4,3,3,2,3,3,2,3,3,2,3,3,3,3,81
24,23,3,2,5,5,5,4,4,3,5,3,2,3,1,2,4,5,2,2,3,2,5,1,2,3,2,4,2,5,3,5,5,3,4,2,3,3,1,4,3,1,3,1,3,2,4,2,2,1,2,4,5,4,2,4,3,4,5,2,5,3,187,1,3,3,3,1,3,1,3,4,4,4,3,3,1,3,3,3,1,2,3,4,3,3,2,3,3,3,2,1,1,77
25,24,5,2,4,2,2,2,4,1,4,3,2,5,2,3,1,5,1,5,3,5,2,5,3,1,5,3,1,1,1,2,1,4,3,4,4,5,2,2,5,3,4,5,2,5,1,4,4,1,3,4,4,4,1,4,4,2,2,1,5,1,179,4,4,2,3,2,2,4,4,2,4,2,2,3,3,3,3,4,2,3,3,3,3,4,3,3,2,1,3,3,3,87
26,22,1,3,3,2,4,3,3,4,2,5,5,5,3,5,1,5,3,1,1,1,4,2,4,4,5,4,5,3,5,2,3,1,5,5,5,5,5,2,3,3,3,1,2,2,2,3,4,2,2,5,2,2,2,5,5,3,1,1,5,3,190,4,3,2,2,2,4,3,3,3,2,3,3,4,3,2,3,2,2,4,4,3,3,3,1,2,3,2,4,3,2,84
27,20,2,4,1,1,1,3,5,5,5,3,1,2,5,5,3,2,5,2,4,5,4,4,3,5,4,2,5,5,1,5,5,5,4,1,3,1,1,4,3,3,5,1,1,1,1,4,1,2,4,3,3,1,4,3,3,1,3,3,1,4,181,3,4,3,3,3,3,2,3,3,2,4,3,3,3,2,4,4,4,4,1,2,2,3,4,3,2,3,2,1,3,86
28,24,3,4,3,4,1,5,5,1,4,2,4,5,2,3,1,5,4,1,4,1,4,5,4,3,1,1,5,1,4,1,3,1,5,5,4,5,4,4,3,1,2,5,1,3,2,3,3,4,1,3,5,4,4,4,3,4,3,2,2,4,188,2,2,2,4,2,2,3,3,4,3,4,2,2,1,3,4,3,4,3,4,3,4,4,2,2,4,3,2,4,4,89
29,20,2,2,5,2,5,5,4,2,2,1,3,2,1,4,1,3,2,5,2,2,3,1,2,4,2,3,3,2,4,2,3,1,1,2,3,4,5,1,5,3,1,2,3,2,5,5,4,3,4,3,5,1,4,4,1,5,4,1,5,3,174,3,4,2,4,3,4,3,4,4,2,3,4,2,3,4,2,3,4,4,3,4,3,2,3,3,3,3,2,2,4,94
30,21,1,3,4,5,4,1,3,3,1,4,3,3,5,5,5,1,2,3,3,5,1,3,5,5,2,5,5,3,5,5,2,1,5,3,4,2,5,1,1,3,2,2,1,1,2,4,5,4,4,5,3,5,3,3,2,1,1,2,5,4,189,3,2,2,2,3,3,3,4,4,3,3,4,3,3,2,1,1,4,2,3,3,3,2,4,4,3,4,3,3,2,86
31,22,1,4,4,1,1,3,1,5,1,1,3,3,4,4,3,4,2,1,3,5,1,4,1,3,5,5,2,3,2,1,5,5,4,5,3,1,1,5,3,3,1,3,1,5,1,4,3,2,2,5,2,2,2,2,5,1,4,5,4,1,171,4,2,4,4,4,4,2,2,2,3,2,4,4,3,4,4,4,4,4,2,2,2,1,3,3,3,3,3,4,3,93
32,24,2,2,3,4,5,5,2,5,2,5,4,1,1,3,5,3,3,3,2,1,1,2,3,3,4,5,2,1,3,5,1,5,2,2,3,2,2,1,3,5,1,4,1,4,1,4,1,2,2,5,5,2,5,5,5,2,5,2,2,4,178,4,3,2,2,4,3,3,4,1,4,3,4,1,4,4,4,2,2,2,3,2,4,3,2,3,2,3,4,4,4,90
33,22,3,5,3,5,3,1,4,5,4,3,5,5,1,5,5,3,4,3,1,2,2,1,3,2,5,4,2,3,3,3,3,4,5,5,1,3,1,3,5,2,3,3,2,3,1,4,2,4,1,3,5,1,4,5,2,2,2,2,4,1,184,2,3,1,4,3,2,4,4,4,4,3,4,3,2,2,3,2,1,2,3,1,3,2,4,3,4,3,3,4,3,86
34,23,5,1,2,3,5,3,5,4,3,2,1,5,2,3,2,1,2,1,5,1,5,5,1,3,1,1,5,1,1,3,2,3,3,2,1,3,2,1,2,1,2,1,1,5,2,4,5,2,4,5,1,5,1,1,2,5,1,3,5,2,159,2,4,1,2,3,4,3,4,1,2,4,2,2,4,3,3,4,4,3,4,3,2,3,4,3,4,3,3,4,2,90
35,20,1,1,3,5,4,1,5,4,2,4,1,4,1,5,5,1,2,4,1,1,3,3,5,4,5,5,4,3,2,2,3,5,3,3,5,1,1,4,2,3,3,1,4,2,5,4,4,3,2,1,5,3,2,1,3,1,3,4,3,2,177,4,4,3,3,3,1,4,3,4,4,3,4,3,2,3,3,2,3,2,3,4,4,3,3,1,2,4,3,3,3,91
36,20,4,5,2,2,5,4,3,1,1,1,1,2,3,2,1,2,5,4,5,1,1,5,1,4,5,3,2,5,1,3,1,4,3,2,5,5,2,5,3,2,4,4,4,4,4,4,1,1,4,1,1,3,1,5,1,2,3,5,2,3,173,1,3,1,1,3,2,2,3,1,3,3,3,3,3,2,3,3,4,1,3,4,3,1,3,2,3,2,3,4,3,76
37,21,2,3,1,5,4,4,5,2,5,3,2,1,3,4,3,1,1,1,4,3,4,2,2,1,5,1,4,2,2,3,5,5,4,3,3,3,1,2,2,2,5,2,2,5,1,2,5,2,3,5,3,4,5,3,2,4,1,2,4,4,177,1,4,3,4,4,3,4,3,3,3,2,3,1,3,4,4,2,3,4,3,2,4,3,4,3,1,2,4,4,3,91
38,22,3,2,3,3,1,1,3,5,5,4,1,4,3,3,4,5,4,3,1,4,3,5,1,2,3,5,5,1,3,1,4,3,2,4,3,3,5,2,3,2,5,2,1,3,2,5,5,2,4,2,4,3,4,1,4,5,1,5,3,3,186,2,4,3,2,3,4,4,3,3,3,4,3,4,4,4,2,3,3,1,2,3,3,2,3,2,4,2,2,2,3,87
39,20,2,1,4,2,4,3,5,5,5,4,3,1,5,1,3,1,2,2,3,5,5,4,4,1,2,5,2,1,1,5,1,5,3,1,1,1,5,4,5,1,5,2,2,1,2,1,5,1,4,1,1,3,1,4,3,5,4,3,2,5,173,2,3,3,2,4,2,2,2,3,3,2,2,4,2,4,3,3,3,4,2,4,3,3,2,3,3,4,3,2,3,85
40,23,3,5,4,4,3,1,2,1,3,1,2,3,4,4,1,4,1,1,1,3,2,2,3,3,4,4,4,5,1,2,5,3,1,2,4,2,2,1,1,5,4,2,5,1,5,2,2,1,1,1,2,2,4,5,5,2,3,3,5,5,167,2,3,4,3,3,3,4,3,2,2,4,2,3,4,2,2,4,3,4,2,3,4,4,4,2,4,3,3,3,4,93
41,20,2,5,5,1,4,1,4,2,5,5,5,5,4,4,2,2,2,1,2,5,1,5,1,3,4,5,5,3,1,1,3,3,2,5,2,3,5,5,5,1,5,1,2,4,2,3,5,1,4,5,1,5,2,5,2,2,5,1,3,5,192,3,2,3,4,2,4,3,4,2,4,4,3,3,4,3,3,2,4,4,4,2,4,3,4,4,3,4,4,3,4,100
42,20,3,3,2,3,5,2,4,5,1,3,2,5,5,2,5,1,3,4,1,4,3,3,5,1,2,4,3,3,1,2,4,5,1,1,1,1,3,5,5,2,1,1,3,3,3,1,4,5,3,1,3,5,4,4,2,1,4,3,5,5,179,4,2,2,3,3,4,3,2,3,4,2,2,3,4,4,2,4,3,4,2,2,3,4,4,4,2,2,1,2,2,86
43,22,5,2,3,2,4,1,2,1,1,2,5,4,3,5,1,1,3,3,2,5,4,1,1,3,5,2,3,2,1,2,4,3,2,5,5,2,3,5,2,1,1,1,4,1,1,4,5,3,2,2,5,4,4,3,5,5,1,3,1,4,170,3,4,2,1,3,4,4,3,3,3,4,3,3,3,4,3,3,1,3,2,3,4,3,1,3,2,4,3,3,4,89
44,21,3,1,1,3,1,2,2,3,5,3,2,2,3,5,4,5,4,1,1,5,1,4,3,3,4,3,1,2,1,1,5,4,4,5,1,5,5,5,3,5,2,3,4,3,1,1,4,2,4,2,5,5,3,1,1,1,5,2,4,4,178,4,2,2,3,3,3,4,2,4,3,3,4,2,1,4,2,1,3,1,3,1,1,2,3,4,2,4,4,4,3,82
45,22,1,5,1,3,3,5,1,5,4,4,2,3,5,2,2,1,1,2,3,5,2,1,5,4,2,1,1,3,2,3,4,2,1,1,3,3,2,4,4,1,5,3,5,2,2,5,5,1,3,4,1,1,4,1,3,3,2,2,3,3,165,2,3,3,3,3,3,4,3,3,3,3,2,2,3,3,3,3,3,2,4,4,4,1,3,3,3,3,2,1,4,86
46,21,1,5,4,1,3,5,2,5,4,2,1,4,2,3,2,5,5,3,1,4,2,4,1,5,3,3,3,4,4,1,2,4,3,5,2,2,4,2,3,1,4,5,1,3,5,4,3,4,4,4,4,1,2,2,3,3,5,1,1,3,182,3,2,4,4,4,3,3,4,2,4,2,4,3,3,3,1,2,2,2,3,4,4,4,4,4,2,2,3,3,1,89
47,23,4,1,1,4,1,3,2,1,1,4,2,3,3,4,2,1,5,4,3,2,5,4,5,5,5,1,1,5,2,5,5,1,3,4,1,2,3,1,1,4,4,5,1,5,3,2,3,1,4,3,3,5,5,3,4,1,2,5,5,2,180,3,4,1,4,3,3,3,2,3,3,4,4,3,3,3,3,3,4,3,4,4,4,4,2,2,3,4,1,3,4,94
48,24,3,5,5,2,1,1,5,5,1,4,4,4,4,4,5,2,3,1,5,4,1,3,3,4,5,1,1,1,3,1,2,4,3,4,1,1,4,5,1,4,1,3,5,5,3,4,1,2,1,1,5,4,2,3,2,3,4,5,1,1,176,3,4,2,3,1,3,2,2,2,4,4,4,2,4,3,4,4,4,3,3,2,4,2,2,2,4,2,3,2,3,87
49,24,3,4,1,3,5,2,3,2,5,3,5,4,5,1,2,2,2,3,4,3,2,3,5,3,5,3,5,1,4,1,3,4,2,3,2,4,1,3,5,1,1,4,5,2,2,2,3,3,4,2,4,1,5,1,5,5,4,3,1,5,184,4,4,3,4,4,3,2,3,2,2,1,4,4,3,2,4,3,4,4,4,2,4,2,4,2,4,3,3,2,4,94
50,24,3,5,5,4,1,4,2,2,1,2,1,1,3,1,1,4,1,3,5,4,1,2,3,4,1,3,1,5,5,5,5,1,3,4,4,5,5,3,1,4,2,3,5,1,5,3,4,2,1,1,3,3,1,5,4,3,4,3,1,5,177,2,3,4,3,3,4,4,2,2,2,3,4,4,2,4,1,3,3,2,1,1,3,3,2,2,4,4,2,4,2,83
51,21,5,2,3,4,5,5,5,4,2,3,1,5,3,3,1,2,4,2,4,2,3,4,3,3,5,2,2,5,2,1,5,5,5,2,4,5,4,2,4,3,5,5,5,3,5,4,4,5,2,2,4,1,3,4,3,4,5,5,2,3,208,3,2,3,3,2,4,3,4,4,3,4,3,4,3,4,2,3,4,4,3,4,4,4,2,2,4,1,3,4,2,95
52,22,5,1,3,4,5,3,1,5,3,4,2,1,1,5,3,5,1,5,5,2,1,2,1,2,4,5,4,2,3,4,3,4,1,2,1,5,3,3,4,5,2,1,2,1,5,5,5,4,5,2,3,4,5,5,5,1,4,5,1,2,190,4,4,4,1,4,1,4,3,4,4,3,1,2,3,2,3,4,4,2,4,4,4,2,3,4,3,3,3,3,2,92
53,22,5,1,3,1,5,1,4,2,5,5,3,1,5,5,3,4,1,5,5,5,4,5,4,5,3,3,5,3,4,4,3,2,4,3,1,5,5,4,5,1,1,3,5,2,5,5,1,1,1,1,2,1,2,1,5,2,4,1,3,2,190,3,4,3,3,4,4,4,3,2,2,3,3,3,3,1,2,3,4,3,2,1,3,2,2,3,2,3,4,3,3,85
54,22,2,1,5,2,3,1,5,2,4,4,2,3,4,1,4,3,2,2,4,2,3,2,5,4,5,3,2,1,1,1,4,2,3,2,2,3,1,4,2,1,2,5,1,4,1,1,4,2,1,4,2,3,4,5,3,3,2,5,1,3,163,2,3,2,3,2,2,2,3,3,3,2,4,3,3,4,1,3,3,4,2,1,1,3,2,3,4,2,4,4,3,81
55,21,5,1,4,3,4,2,1,2,2,1,2,3,2,4,5,5,5,2,2,4,2,3,1,2,3,4,5,1,5,1,4,3,4,4,1,3,2,5,5,1,1,2,5,4,3,1,5,5,1,2,4,1,5,2,5,4,2,3,3,3,179,2,3,3,3,2,2,3,4,3,3,2,3,3,3,4,2,3,2,3,4,4,2,2,3,4,2,3,3,4,3,87
56,22,4,3,1,3,5,1,1,4,2,1,4,3,3,3,3,1,1,1,4,3,5,5,2,3,5,2,1,4,2,4,4,1,1,5,1,4,2,1,2,1,3,5,2,1,4,4,2,4,5,5,1,5,1,2,5,3,4,5,2,3,172,1,3,4,2,2,4,3,4,2,2,4,4,3,4,3,3,2,2,3,4,4,4,2,3,2,2,3,4,3,4,90
57,22,5,4,5,2,5,5,5,4,5,4,4,2,5,3,5,5,3,1,1,4,3,2,4,1,1,1,2,2,4,1,2,2,4,1,5,2,1,3,4,2,1,5,5,1,5,1,3,4,2,1,5,1,4,3,2,3,3,5,2,1,181,3,4,3,2,2,4,2,3,4,3,4,3,3,3,3,3,2,4,3,4,4,2,2,2,4,3,3,1,3,4,90
58,23,1,1,5,2,4,5,5,3,3,5,2,5,4,3,2,3,5,3,3,4,3,5,1,4,3,3,5,5,1,2,3,4,1,5,2,2,5,2,2,2,4,3,5,5,2,4,2,4,1,3,5,4,1,2,2,1,2,2,4,5,189,4,2,1,2,4,3,4,3,3,4,2,3,3,1,3,1,4,3,2,1,2,2,4,2,2,4,3,4,4,4,84
59,22,2,1,5,5,1,3,2,3,4,2,3,1,3,2,1,5,1,5,5,5,5,1,1,1,4,2,5,5,5,5,3,5,1,2,1,5,5,5,3,1,2,1,1,4,2,3,5,4,3,4,5,2,5,4,4,5,2,4,4,4,192,4,4,4,2,2,4,2,3,4,2,2,4,4,3,3,2,2,3,4,4,1,2,4,1,3,4,4,1,3,2,87
60,20,3,2,5,5,2,4,2,1,1,1,5,5,3,5,2,1,1,2,1,3,1,5,3,1,2,5,1,2,1,1,2,5,2,2,4,5,3,1,4,1,4,2,2,5,1,2,1,3,1,5,5,5,5,4,1,4,4,5,3,1,168,3,4,3,1,4,4,3,4,3,3,3,3,3,3,2,3,2,3,2,2,4,3,1,4,2,3,2,4,3,1,85
61,20,5,5,5,1,4,3,1,1,4,1,4,5,5,4,3,2,5,4,5,5,3,5,2,5,4,1,5,1,2,5,4,3,2,5,1,1,3,2,1,1,2,2,3,4,1,3,1,4,3,3,1,1,3,3,3,4,3,4,3,3,182,1,3,3,2,2,4,1,4,2,3,2,2,2,4,2,3,4,4,2,3,2,3,3,4,4,3,4,2,4,2,84
62,22,4,1,5,5,5,5,5,5,4,1,3,3,3,4,2,5,3,1,1,3,3,5,4,4,4,5,3,2,4,2,1,2,3,5,5,3,2,1,3,1,2,1,3,1,3,1,1,5,1,5,2,3,2,1,4,2,3,1,3,2,176,1,3,4,4,3,3,2,2,4,2,2,2,3,3,4,1,2,3,4,4,4,3,3,3,3,4,4,3,2,4,89
63,24,3,5,2,1,2,1,3,5,1,1,2,5,5,4,2,4,4,3,5,4,1,3,3,3,1,1,4,5,5,3,1,3,1,1,3,1,2,4,5,2,1,1,3,4,5,5,3,2,2,1,1,2,3,4,4,1,3,4,4,1,168,3,2,3,3,3,4,2,4,4,3,4,4,4,2,4,4,3,2,2,4,3,4,3,3,3,2,2,2,3,3,92
64,20,5,1,1,5,2,5,4,4,5,3,2,5,5,2,4,1,3,1,3,2,1,1,3,1,4,3,2,1,5,1,2,2,1,5,3,1,5,4,1,5,3,1,5,2,5,2,1,5,1,4,3,3,5,3,3,1,1,3,3,4,172,4,3,3,2,3,4,4,2,2,1,2,4,3,4,2,2,3,3,2,3,3,1,3,4,2,4,3,3,3,4,86
65,21,4,2,5,2,3,3,3,4,5,1,4,5,3,5,3,3,1,4,2,2,4,2,2,5,3,5,5,5,5,3,1,3,2,1,1,5,5,2,4,2,2,5,3,2,5,2,5,5,4,2,5,5,1,3,4,1,1,5,3,2,194,3,4,2,2,2,4,4,1,2,4,3,3,3,3,2,4,2,2,2,4,4,2,2,4,4,4,2,4,4,2,88
66,24,1,2,3,5,1,1,5,4,1,4,3,3,3,3,5,3,2,3,1,5,5,1,2,1,3,2,5,5,5,1,1,5,1,1,2,2,5,3,1,2,5,5,4,5,5,1,5,1,5,2,5,4,5,5,4,3,3,2,5,5,190,4,4,4,3,3,3,2,1,3,4,3,3,4,4,3,1,2,2,3,3,3,4,4,4,4,2,1,1,4,1,87
67,22,5,1,2,4,1,5,5,3,4,1,5,1,4,2,2,1,1,3,1,5,2,3,5,2,1,5,5,1,2,4,5,1,2,5,3,1,4,4,3,3,1,4,4,5,3,3,3,2,5,5,2,2,5,1,3,4,3,2,2,5,181,3,3,4,4,4,4,2,4,2,3,2,4,4,4,2,2,2,3,4,2,3,4,3,2,3,2,3,4,3,4,93
68,21,5,3,2,5,4,5,4,4,3,4,4,1,3,4,2,1,5,1,1,5,5,1,5,2,2,2,1,2,5,1,4,5,1,1,3,2,4,3,4,5,5,5,3,1,5,5,2,2,4,3,5,3,5,2,5,3,5,3,4,4,198,4,3,3,2,2,2,1,1,3,2,1,2,2,4,2,3,3,2,4,2,4,4,2,3,3,2,3,4,3,4,80
69,22,4,5,2,1,3,1,2,5,1,5,5,4,5,5,4,3,1,1,4,5,1,4,4,5,5,1,5,3,4,4,1,3,5,4,1,4,1,4,3,5,4,5,1,3,2,1,4,1,5,3,1,1,2,4,4,2,3,2,1,3,185,3,3,3,1,1,4,3,3,3,1,3,3,2,2,3,4,3,4,4,2,3,4,3,2,1,4,3,3,4,3,85
70,20,3,1,1,4,5,1,3,4,1,1,1,3,1,1,4,1,2,2,2,1,3,2,1,3,5,5,4,1,2,4,1,4,3,5,4,1,1,1,2,5,1,3,4,5,3,3,1,4,4,4,2,5,5,3,1,5,4,4,3,3,166,4,3,3,1,3,4,4,4,3,4,3,2,3,4,3,2,4,4,4,4,3,2,4,4,3,3,3,4,3,2,97
71,21,5,4,4,5,3,1,2,4,2,3,1,1,2,3,3,2,2,5,3,3,2,4,4,4,1,2,2,5,1,2,4,4,5,5,4,5,5,5,3,4,2,2,1,4,4,1,3,3,3,5,4,2,1,3,3,3,5,2,1,2,183,3,4,2,4,4,3,4,3,2,3,4,2,4,2,3,1,1,3,3,2,3,1,4,4,3,4,4,4,3,4,91
72,20,5,1,1,2,5,2,4,1,1,3,1,5,4,2,3,1,3,5,3,3,5,1,4,5,4,5,5,5,2,5,5,2,3,1,1,4,5,1,2,1,1,1,3,1,5,2,4,1,4,4,2,2,1,2,5,1,4,1,5,2,172,3,2,4,3,4,4,2,4,3,1,2,3,3,2,4,4,3,3,4,2,2,3,4,3,3,4,4,2,2,4,91
73,20,2,1,3,1,2,2,2,3,1,3,3,3,1,2,1,4,5,1,4,4,5,3,5,2,1,1,5,5,5,2,4,1,2,4,3,2,5,5,4,1,1,3,5,2,5,4,3,3,4,3,3,1,2,1,3,4,5,1,1,2,169,3,4,3,4,4,3,2,2,3,2,4,4,3,2,4,3,3,3,1,3,3,3,3,3,4,2,3,2,1,4,88
74,23,4,1,1,2,4,3,3,1,4,4,5,2,3,1,3,5,5,3,3,4,2,3,4,2,3,3,1,2,5,4,1,5,1,1,3,3,5,2,3,1,5,1,1,3,4,3,5,1,5,4,2,5,5,3,3,4,1,1,1,1,173,2,4,3,3,4,2,2,3,1,2,2,2,4,2,3,2,3,2,2,4,2,4,3,4,4,4,2,2,3,2,82
75,21,3,2,1,1,1,5,4,2,1,3,3,2,2,2,5,3,1,3,1,5,5,2,5,3,5,2,2,2,1,2,3,2,1,4,3,3,5,2,5,4,3,1,5,4,1,1,4,5,5,4,5,2,5,4,1,2,1,1,3,4,172,3,2,1,3,2,3,4,4,4,1,2,4,2,3,2,4,3,3,4,4,4,3,2,2,4,4,4,3,1,3,88
76,22,5,2,3,3,4,4,2,5,4,5,5,5,3,5,3,2,1,4,4,1,5,1,1,2,1,5,1,5,2,4,1,3,2,4,1,1,2,2,1,1,5,5,4,5,4,1,1,2,2,2,4,4,5,4,3,1,1,1,4,2,175,4,2,4,3,2,2,2,4,2,3,3,4,3,4,2,3,2,3,2,3,4,2,4,3,2,2,4,3,1,4,86
77,23,1,5,3,5,4,3,2,4,5,2,3,4,4,2,2,2,1,1,1,3,3,4,3,1,1,3,5,2,5,5,4,3,3,3,4,3,4,2,3,1,5,3,2,4,5,2,3,3,4,5,4,3,4,4,4,5,1,1,4,4,189,2,3,2,3,4,2,2,2,3,3,3,2,4,4,4,3,3,3,1,1,2,1,2,3,2,3,3,4,4,3,81
78,24,3,1,1,1,1,1,2,1,1,4,2,3,1,3,5,2,1,4,1,3,5,3,5,4,5,4,4,1,1,2,5,4,3,3,1,3,4,1,1,4,3,2,2,3,4,3,2,2,1,3,1,4,3,3,4,2,4,3,3,5,161,3,2,4,4,4,3,3,4,3,3,2,2,3,3,4,4,2,2,2,4,4,3,4,1,4,3,3,2,4,4,93
79,22,3,2,3,3,5,1,3,3,2,4,1,5,3,5,2,4,1,5,5,5,1,3,1,3,5,2,3,4,4,4,4,1,1,4,2,5,5,4,3,4,3,5,5,4,3,2,1,2,4,4,3,1,5,2,3,5,3,1,1,1,186,3,3,2,3,3,4,1,1,3,2,3,4,3,4,2,4,4,2,4,3,3,3,2,4,4,4,1,4,1,4,88
80,20,3,2,4,3,5,4,4,5,5,5,1,2,2,4,2,2,2,3,2,1,5,2,4,5,5,3,5,1,3,3,3,2,5,5,3,3,5,1,1,2,5,1,5,4,3,5,2,5,4,2,4,2,4,5,5,3,4,1,4,5,200,2,2,3,3,2,4,3,2,3,3,2,3,2,4,1,3,3,4,3,3,1,4,4,3,3,3,1,4,3,3,84
81,20,2,1,5,2,5,4,1,1,4,4,5,5,5,5,5,5,4,1,3,1,4,3,2,5,4,4,5,5,3,4,1,5,2,5,5,1,4,5,2,4,3,4,2,3,1,1,4,4,1,2,1,3,2,5,1,1,4,5,1,5,194,3,3,3,2,4,3,2,4,3,3,4,3,4,2,1,3,2,1,4,3,3,2,4,4,3,2,1,3,2,4,85
82,22,5,1,1,5,4,3,1,5,5,4,3,5,5,3,1,3,4,4,2,3,2,5,3,3,1,5,4,4,2,5,2,1,2,3,3,2,5,4,3,4,3,4,4,1,1,2,5,3,2,2,2,3,5,4,1,4,2,1,1,2,182,4,4,4,4,4,2,3,4,2,3,2,2,1,4,4,3,3,3,3,3,4,3,2,2,4,3,2,4,3,3,92
83,23,2,2,5,5,5,3,3,2,3,4,2,5,3,4,3,1,3,4,5,3,4,2,1,1,2,5,3,1,5,5,1,2,3,1,3,1,3,4,5,5,5,2,1,3,1,2,5,2,1,2,5,1,5,5,1,1,3,5,4,5,183,2,3,2,3,2,3,4,3,2,1,4,4,4,2,2,3,2,2,4,3,3,3,4,3,3,4,4,2,3,2,86
84,24,4,1,1,2,2,5,4,1,3,4,1,4,1,3,3,5,4,3,2,3,1,3,5,1,1,5,4,1,5,2,3,2,1,1,5,3,4,1,5,4,4,2,3,5,3,4,5,1,2,4,4,3,1,4,1,4,2,2,2,3,172,2,2,1,4,3,2,3,3,3,2,3,4,2,3,2,3,2,2,3,3,3,3,3,4,2,2,2,2,4,3,80
85,20,5,4,3,2,1,4,5,1,4,1,5,2,3,5,3,1,2,5,5,3,4,2,3,5,2,1,5,5,5,1,5,1,2,4,4,3,2,4,3,4,4,5,1,1,4,1,4,5,1,3,5,5,2,1,1,4,3,1,3,5,188,2,3,3,4,4,3,2,3,4,3,4,4,3,2,3,2,2,4,2,4,3,3,2,2,3,3,2,3,2,3,87
86,22,3,1,1,1,1,5,3,4,1,1,5,4,3,4,1,4,1,1,1,4,5,1,1,2,3,5,5,3,4,5,3,3,2,3,3,4,5,5,4,5,2,5,5,3,4,4,5,4,2,5,3,4,1,5,5,4,2,1,5,2,191,4,3,4,3,2,2,2,1,4,2,4,4,3,3,4,4,4,1,4,2,3,2,3,4,4,3,2,3,2,3,89
87,23,1,2,3,3,3,1,2,4,1,2,3,5,2,5,1,3,1,4,4,4,1,3,2,1,1,3,1,3,1,4,2,3,3,3,2,1,3,1,4,5,2,2,4,2,1,4,5,1,4,4,3,2,3,1,1,4,5,4,3,1,157,3,3,3,3,3,3,2,4,2,4,3,3,4,4,4,2,4,4,4,4,3,2,3,2,4,4,4,2,3,1,94
88,23,3,5,1,2,4,1,4,4,2,2,2,4,1,5,3,5,3,2,1,2,3,4,4,1,2,2,1,5,3,5,2,4,4,3,3,3,5,2,1,3,4,2,5,3,5,2,4,5,2,2,4,1,3,3,5,3,4,3,5,1,182,4,3,4,3,4,4,4,3,3,2,3,1,4,2,3,4,4,3,3,3,3,4,3,2,3,3,4,3,2,3,94
89,22,1,5,3,2,1,2,2,5,1,1,1,2,1,4,3,1,1,5,2,1,3,1,1,1,5,1,1,5,2,5,2,3,3,3,1,2,5,4,1,3,5,3,3,4,2,3,3,5,1,1,3,2,3,1,3,4,4,3,5,5,159,3,3,2,2,2,3,2,3,3,3,4,3,4,4,3,3,3,4,3,3,3,3,4,2,3,2,4,4,3,3,91
90,24,1,4,4,4,1,3,2,5,1,5,3,2,3,2,5,5,1,2,1,1,5,5,4,4,1,3,1,2,1,5,4,4,5,2,4,3,5,2,1,3,2,2,1,3,4,4,2,5,2,2,5,4,2,4,1,1,3,1,5,4,176,1,3,4,4,4,2,1,3,3,2,3,3,2,4,1,1,3,2,3,3,3,3,1,2,4,3,3,3,3,2,79
91,24,5,3,1,5,3,5,1,2,3,2,2,1,1,1,1,4,2,1,5,3,4,4,1,4,3,4,5,5,4,1,3,3,2,2,4,4,4,4,2,3,5,1,2,1,3,4,1,4,5,4,4,5,5,3,3,3,4,3,3,3,183,3,1,2,3,3,2,2,2,4,4,4,2,4,4,4,3,3,2,2,3,2,2,3,4,3,3,3,2,4,2,85
92,22,1,1,2,1,2,5,2,5,1,3,3,3,5,4,1,1,3,1,3,2,4,2,2,1,1,4,1,3,1,5,1,4,1,3,3,4,2,4,2,5,2,1,5,4,3,5,3,3,4,2,5,5,2,1,4,3,5,5,1,5,170,3,4,3,2,3,4,2,3,3,2,3,3,4,3,2,4,2,4,4,2,4,3,3,4,3,3,3,4,4,4,95
93,20,3,5,3,3,2,3,5,5,4,4,1,5,1,4,3,5,1,4,5,1,4,4,5,2,2,4,1,1,3,1,4,4,3,5,3,5,4,5,3,4,5,1,5,2,2,1,5,5,3,3,4,5,1,4,3,4,2,5,5,4,203,4,3,2,4,2,3,4,4,3,3,3,3,4,3,3,1,2,2,3,2,1,4,2,4,2,2,2,3,1,2,81
94,24,3,5,5,5,3,2,1,1,5,5,4,1,4,5,4,3,5,2,3,4,5,2,1,1,1,2,4,1,1,4,5,5,3,2,3,2,3,2,4,4,4,4,5,5,5,4,2,4,3,1,2,3,3,3,2,1,3,5,1,3,188,3,3,4,4,4,2,2,4,4,3,3,4,4,2,2,4,1,4,2,1,1,4,3,3,3,3,4,3,3,4,91
95,23,4,2,2,4,5,1,2,5,3,2,3,4,5,1,1,5,2,5,1,2,4,5,1,5,4,1,3,2,1,5,1,1,5,3,5,2,2,5,3,1,3,4,1,4,1,4,1,2,4,5,4,5,5,2,5,3,5,2,5,2,185,2,3,4,1,4,4,3,1,2,4,1,4,3,2,3,3,3,4,2,4,1,4,3,4,2,4,4,3,1,4,87
96,24,5,1,5,5,3,4,3,5,1,3,3,2,5,3,4,2,3,1,3,1,1,5,2,4,3,1,3,3,3,2,2,2,1,2,5,5,3,2,2,5,5,5,5,1,3,4,5,1,3,3,1,1,1,5,2,3,3,3,1,3,176,2,2,4,2,3,3,2,3,3,4,2,4,3,4,3,4,2,4,3,3,2,3,2,3,2,3,2,1,3,2,83
97,21,1,4,2,2,2,3,3,5,3,3,1,3,4,4,2,1,1,1,1,5,3,1,5,5,4,5,3,3,5,3,5,1,3,3,5,5,1,1,1,1,2,2,4,1,1,5,5,5,4,1,5,3,2,3,4,3,1,5,1,2,173,4,4,2,3,3,4,4,2,3,3,3,4,2,3,4,3,2,4,3,4,3,2,4,3,4,4,4,1,4,2,95
98,21,4,5,2,2,5,1,3,1,1,5,3,2,5,5,3,3,1,4,3,5,5,4,2,5,2,4,3,3,1,2,5,5,1,2,4,4,5,5,5,1,1,3,3,1,4,2,1,1,1,3,3,3,3,3,1,5,4,1,3,3,180,1,2,4,3,3,2,3,4,4,3,3,4,2,4,4,2,4,3,4,3,3,3,1,1,4,2,2,1,2,2,83
99,22,1,5,1,2,2,5,3,1,3,5,1,1,1,1,5,5,1,1,4,2,3,3,4,3,5,5,5,2,5,5,2,3,3,3,4,4,3,5,2,2,5,5,4,5,5,4,5,2,1,4,3,4,3,2,1,4,2,2,1,5,188,3,3,3,4,4,4,3,3,3,2,4,4,2,4,2,3,4,3,2,4,1,2,2,3,2,3,2,4,4,4,91
100,23,3,2,1,5,5,1,2,3,5,4,5,1,4,5,4,5,4,1,3,1,2,1,3,4,2,4,5,2,1,4,1,1,4,3,2,5,5,1,1,3,1,1,2,1,5,1,5,3,1,4,4,5,4,3,5,1,4,1,5,2,176,4,2,4,3,3,1,4,3,4,3,3,1,3,2,3,4,3,4,2,3,4,1,3,2,3,1,2,3,3,4,85
101,23,4,4,3,4,1,5,3,3,5,1,3,2,3,2,5,1,4,2,2,5,4,4,5,3,2,1,2,2,4,3,1,2,1,3,4,5,1,4,1,1,3,4,3,2,3,5,3,2,5,2,2,1,3,5,1,4,5,5,2,4,179,4,3,2,1,3,2,4,1,3,3,3,3,1,2,4,3,2,4,3,2,3,3,4,4,4,2,2,4,4,3,86
102,20,1,4,5,4,3,5,1,5,3,4,3,4,1,5,5,1,4,3,2,5,5,1,1,5,3,3,1,5,5,2,4,5,1,2,3,4,4,2,5,3,1,4,1,3,3,5,5,4,5,4,1,3,2,2,1,5,1,1,1,3,187,4,3,2,4,4,2,2,4,3,2,3,2,2,3,3,2,3,3,2,3,3,3,4,4,4,2,2,4,3,2,87
103,20,3,5,5,4,4,1,2,3,4,5,1,3,4,2,4,4,2,1,5,2,4,4,5,2,5,3,4,2,5,1,3,4,1,2,2,4,1,3,5,1,2,2,2,4,4,1,4,1,5,3,3,3,2,2,2,1,4,3,3,1,177,2,3,2,3,1,2,4,2,2,4,2,3,4,3,4,1,1,2,1,2,3,2,3,2,2,3,3,3,3,1,73
104,24,4,1,4,1,1,5,3,1,1,1,3,3,5,1,4,2,4,4,1,2,4,4,5,2,3,2,5,5,3,1,1,2,5,3,1,3,5,3,3,1,4,2,2,1,1,5,1,4,4,2,4,1,3,3,5,2,5,2,5,4,172,1,4,3,2,3,3,2,3,4,4,2,3,4,4,1,3,2,1,3,3,4,3,2,1,4,4,2,3,4,4,86
105,23,1,4,3,4,3,4,5,2,4,5,3,1,1,2,4,4,5,1,3,4,1,1,2,4,1,4,1,4,2,2,2,5,3,5,2,3,3,5,1,5,1,4,3,2,5,4,5,3,3,5,1,1,2,3,3,3,3,5,3,4,182,2,4,3,2,4,3,2,3,3,3,2,3,2,3,3,3,2,2,4,4,4,4,3,2,3,3,3,4,3,1,87
106,22,4,4,3,2,1,2,4,5,5,3,1,3,2,5,3,3,5,1,2,5,2,1,5,3,4,1,4,1,2,4,1,2,5,2,1,4,5,2,2,1,3,3,5,1,5,5,1,1,2,2,5,5,3,2,5,3,5,5,1,3,180,4,3,3,4,2,1,1,4,2,2,2,2,2,3,3,3,4,4,3,2,2,3,4,3,2,3,2,4,2,3,82
107,21,1,2,2,2,2,1,4,1,3,3,5,4,5,1,1,1,1,5,5,1,3,4,5,3,1,3,1,1,2,2,5,2,2,1,3,4,2,2,3,1,2,3,4,3,1,1,1,5,3,5,5,3,2,1,3,1,2,2,3,3,153,2,2,4,4,4,3,2,3,3,3,4,3,3,3,4,2,2,3,2,3,3,1,2,4,2,1,2,4,2,3,83
108,24,1,2,5,1,4,4,2,4,1,1,5,1,1,4,3,2,1,3,3,5,5,1,5,2,2,5,1,1,5,5,3,3,4,1,2,5,5,4,1,3,5,2,5,5,3,1,3,3,1,4,4,3,2,3,3,4,1,1,5,5,179,2,4,2,3,3,4,3,3,4,2,1,3,4,4,2,3,4,2,3,3,4,3,4,2,2,3,4,3,2,3,89
109,24,3,5,4,3,5,2,3,5,3,4,5,2,5,3,5,2,2,5,5,1,5,1,5,2,3,5,5,1,3,1,4,5,3,4,3,5,5,4,1,5,1,1,4,3,5,5,4,3,2,3,2,1,5,2,5,1,2,3,2,1,197,1,2,3,3,3,3,3,4,3,4,3,4,4,2,2,3,4,3,3,4,4,4,1,3,2,3,4,3,2,2,89
110,24,3,4,1,5,5,2,1,3,1,5,1,5,1,2,2,4,2,2,3,5,5,4,1,4,3,4,4,2,5,5,5,5,4,4,5,1,3,2,1,1,5,5,5,5,1,5,5,2,5,5,2,3,4,5,4,5,2,1,1,1,196,3,3,4,4,2,2,4,3,2,2,4,4,3,1,4,3,3,4,3,3,3,2,3,4,4,4,3,2,1,3,90
111,23,5,2,1,5,1,1,2,4,2,5,4,1,2,5,5,2,4,1,4,4,5,1,5,2,4,2,1,5,1,3,3,4,2,2,4,4,4,1,1,5,2,2,2,1,2,5,1,1,3,2,1,3,3,1,3,3,2,5,5,4,170,3,2,2,4,4,3,3,3,4,4,2,2,2,4,2,4,2,2,4,3,2,3,4,3,4,2,4,4,3,3,91
112,23,1,2,1,5,5,4,4,5,1,3,3,1,1,5,3,5,1,3,2,2,2,3,2,1,1,1,1,2,3,4,5,1,5,1,4,1,3,3,5,3,1,3,2,5,5,2,1,3,2,2,5,2,1,1,5,1,5,2,5,1,162,2,4,3,3,2,1,2,3,3,2,3,3,4,3,2,3,3,3,3,1,4,3,4,3,3,4,4,4,2,2,86
113,20,2,1,3,4,3,2,4,5,3,3,5,4,2,5,5,2,5,1,1,1,4,3,5,5,1,1,5,1,4,1,2,2,1,4,5,2,1,5,2,5,3,2,1,5,5,1,4,2,4,2,5,4,1,4,5,2,1,4,1,5,181,2,3,1,2,1,3,4,2,2,2,4,3,3,4,1,3,3,4,4,3,3,4,2,4,3,2,3,2,2,3,82
114,24,1,1,3,4,3,2,5,5,1,2,4,2,2,1,5,1,5,5,1,5,5,1,2,5,5,2,2,4,4,1,1,4,3,5,3,3,5,3,3,3,3,3,4,2,5,5,5,3,5,2,1,3,5,1,4,5,4,5,2,5,194,4,4,2,3,3,1,4,4,3,4,1,3,4,3,4,3,3,4,3,4,2,3,1,1,2,2,3,2,1,3,84
115,23,4,3,5,2,5,4,5,2,1,3,2,4,4,4,3,1,5,1,3,1,3,5,3,3,3,5,2,1,3,1,3,2,5,4,4,2,4,5,4,2,4,1,5,4,3,5,1,1,5,2,5,3,3,4,1,1,5,4,1,3,187,3,4,3,4,3,3,3,3,2,2,3,4,2,2,3,4,4,3,4,3,2,3,2,3,1,2,4,3,2,4,88
116,24,2,5,5,4,2,3,2,4,3,3,1,5,2,4,4,1,2,5,5,2,2,1,3,2,1,3,2,2,2,4,1,3,3,5,1,4,4,3,1,5,5,3,5,1,3,5,3,1,1,5,1,1,1,1,4,5,1,2,5,2,171,4,3,1,3,4,3,3,1,4,3,3,4,3,4,4,3,3,3,1,3,3,4,2,3,4,3,2,2,4,4,91
117,20,5,1,4,1,3,1,3,1,2,1,2,1,4,3,1,4,1,1,3,5,5,5,3,1,5,1,1,4,2,2,5,1,5,1,5,5,4,2,2,3,2,1,5,3,2,2,2,4,5,1,5,1,3,1,4,4,1,3,3,3,164,3,4,4,4,2,2,4,1,4,2,2,4,3,4,4,3,3,4,3,3,3,2,2,2,3,3,3,4,4,3,92
118,22,4,2,5,3,2,1,4,5,5,1,5,1,5,2,5,2,5,4,5,4,3,5,5,2,2,2,5,5,5,3,4,5,1,5,4,2,2,5,2,3,1,5,4,5,5,5,3,1,5,5,5,2,1,5,2,3,5,5,1,2,210,4,2,3,4,4,1,3,3,3,2,1,2,2,2,4,3,3,4,2,3,3,4,3,2,2,4,3,2,4,2,84
119,21,3,2,3,2,5,4,2,5,2,1,4,2,3,1,3,2,1,5,3,2,4,3,3,3,3,5,4,4,5,5,3,5,1,2,1,2,5,5,3,2,1,1,2,2,1,3,4,5,2,4,1,4,2,2,1,5,4,3,2,3,175,3,3,4,4,2,2,4,3,3,4,3,3,3,4,2,3,4,3,4,4,3,3,2,1,3,3,2,4,3,3,92
120,22,2,1,2,5,2,2,3,3,3,1,1,5,1,5,5,3,5,1,2,5,2,2,2,5,3,1,4,4,1,2,3,5,3,5,1,3,4,1,1,3,3,4,3,4,3,5,1,4,2,2,2,5,1,1,3,3,2,3,1,1,165,3,2,2,4,4,2,3,2,3,4,2,2,3,2,4,4,3,3,1,3,3,4,3,3,4,1,4,3,3,3,87
121,20,2,3,3,4,5,5,5,1,3,4,5,4,1,4,5,2,5,3,2,3,4,4,2,3,4,3,1,2,2,5,1,3,3,5,4,5,1,1,2,4,3,4,2,4,4,5,3,5,1,5,4,3,4,1,1,1,3,3,1,2,187,4,3,4,4,4,4,1,3,3,4,4,1,1,4,2,2,1,4,1,4,4,3,2,3,4,3,2,3,4,3,89
122,23,4,2,4,2,2,3,1,2,2,1,1,1,5,5,2,2,1,1,3,4,5,1,1,1,5,4,5,2,2,5,5,3,1,5,4,1,1,2,4,1,3,1,1,4,1,2,1,1,2,3,4,3,5,4,1,1,3,5,5,5,161,2,4,4,4,3,3,2,3,3,3,2,4,4,3,3,4,3,2,2,2,2,3,2,3,2,2,3,3,3,2,85
123,23,1,3,4,2,1,3,2,5,4,2,5,2,2,4,5,3,4,2,4,1,3,1,5,1,3,1,1,2,3,3,4,3,1,3,1,4,3,4,4,1,1,5,5,2,1,1,1,5,3,2,3,4,5,3,3,1,1,2,5,5,168,4,2,3,3,3,3,1,3,1,3,4,2,4,3,2,2,4,4,3,2,4,3,3,4,4,2,3,3,3,2,87
124,20,2,3,1,4,4,5,2,1,3,1,1,1,1,2,4,4,5,3,2,2,5,1,3,5,4,5,5,3,5,1,2,4,2,3,3,1,2,4,5,1,2,3,5,3,4,2,3,2,2,5,2,2,1,2,3,3,2,1,3,5,170,4,4,3,3,4,2,3,1,4,4,3,2,3,3,3,3,4,2,4,4,3,4,2,1,3,4,3,4,4,1,92
125,23,4,1,5,3,1,2,5,1,5,3,1,4,2,5,5,4,2,1,1,4,3,1,1,4,1,1,1,5,4,4,2,1,3,5,2,4,1,3,4,1,3,5,4,1,3,1,5,4,5,4,5,5,4,2,3,3,5,2,5,3,182,3,3,4,3,3,2,3,3,4,3,3,2,4,4,4,2,4,3,4,1,2,3,2,1,3,2,4,4,4,4,91
126,22,3,1,1,4,3,5,2,1,2,5,2,1,1,4,5,2,3,1,2,1,1,2,1,1,1,2,1,4,4,3,3,1,3,1,1,5,2,4,4,1,2,4,2,3,3,1,5,3,4,2,3,2,5,3,3,1,3,4,2,2,151,3,3,2,3,2,4,1,3,4,3,4,1,4,4,4,3,3,4,2,4,2,2,3,3,3,2,2,4,1,1,84
127,23,2,5,1,1,5,1,1,3,5,3,5,4,5,1,3,3,2,4,4,2,2,5,2,2,1,3,1,4,2,1,1,5,4,3,3,3,3,1,3,5,1,2,3,4,2,4,1,3,5,1,3,3,2,3,3,4,3,1,5,3,170,4,2,2,3,3,4,3,3,3,3,4,1,3,3,1,3,4,4,2,3,4,2,2,3,3,1,3,3,2,3,84
128,23,4,3,4,5,3,1,1,5,5,5,5,5,3,5,5,4,4,1,2,5,5,5,1,2,1,2,1,4,3,1,1,1,4,1,2,2,2,4,1,5,5,5,1,3,1,4,5,5,3,3,1,4,5,1,5,2,4,3,5,3,191,1,3,3,2,2,3,2,2,3,2,4,2,3,1,3,3,3,4,3,4,3,3,3,4,4,4,2,1,2,4,83
129,22,4,5,2,5,3,1,5,2,2,4,2,4,2,1,4,5,5,1,2,5,5,3,1,5,5,3,1,4,5,5,4,5,2,4,4,4,2,2,1,1,2,3,3,3,3,4,1,2,4,2,2,4,1,2,2,2,5,1,4,4,184,3,2,3,3,4,2,2,4,4,4,1,3,3,3,4,2,3,3,2,3,3,4,3,3,4,3,3,3,4,3,91
130,20,5,3,3,1,4,2,2,1,3,1,4,3,4,4,5,4,1,4,5,3,4,4,4,3,5,3,3,1,1,5,5,4,5,2,3,3,1,2,5,2,5,1,1,5,4,1,2,3,5,4,1,5,3,1,5,2,1,3,1,2,182,4,2,2,4,2,3,4,3,4,3,3,4,3,2,3,3,2,4,3,3,2,2,3,4,4,4,3,3,3,2,91
131,20,4,4,5,3,3,3,4,5,4,4,4,4,3,1,3,5,2,5,5,5,3,2,2,4,1,2,3,3,2,4,2,3,4,5,4,2,5,1,1,5,5,4,5,2,1,1,5,3,2,1,3,4,1,2,1,3,1,5,4,1,188,3,4,3,3,4,4,4,2,4,2,2,3,4,2,2,3,3,3,3,4,2,1,4,3,3,3,2,4,4,4,92
132,22,4,2,5,2,1,5,3,4,2,4,5,2,3,4,3,2,2,1,3,1,4,1,5,2,2,1,4,5,5,1,3,1,5,3,2,1,3,2,5,4,5,1,5,5,2,1,5,5,1,5,2,4,2,2,4,3,2,1,2,5,179,3,1,4,4,3,4,4,3,4,3,4,2,2,2,4,3,4,3,3,4,4,4,3,1,4,4,4,3,4,2,97
133,20,5,4,1,2,2,5,3,3,2,2,1,5,2,1,5,3,3,1,1,4,3,5,3,3,4,4,4,3,2,3,5,1,3,2,3,4,4,5,1,4,3,3,5,5,4,5,3,4,3,4,2,1,1,5,3,3,1,1,1,5,183,2,4,4,2,4,3,4,3,2,1,3,3,3,3,2,3,3,2,3,1,3,4,2,3,2,4,4,2,2,2,83
134,20,4,5,2,4,2,2,5,1,3,2,4,3,3,2,1,2,5,1,1,5,1,1,3,3,5,1,2,1,2,2,3,1,1,2,2,1,1,3,1,5,1,4,4,3,1,5,2,5,2,4,4,4,4,3,3,1,5,1,2,2,158,4,2,1,4,4,2,3,3,3,3,4,2,2,4,1,3,3,2,2,4,3,2,3,4,3,2,2,2,4,3,84
135,23,5,1,4,2,1,2,2,3,4,1,5,3,5,1,5,2,1,5,5,3,1,1,1,4,4,5,4,4,3,1,5,2,1,2,2,1,3,3,5,2,5,1,5,3,3,3,1,1,1,4,3,5,3,5,5,4,1,2,2,2,173,3,4,3,4,2,4,4,2,3,3,3,4,3,4,3,2,3,3,3,3,3,3,3,3,4,2,2,2,2,3,90
136,22,3,2,2,3,5,2,3,3,3,1,5,3,4,3,4,1,5,2,1,5,5,4,3,4,1,4,2,2,4,1,5,2,5,1,5,5,5,1,1,1,5,3,1,5,5,1,1,5,5,2,4,4,4,3,2,2,2,2,5,3,185,4,2,4,3,3,3,3,4,3,4,4,4,3,4,3,3,3,4,3,3,3,3,1,4,1,3,4,2,2,1,91
137,22,3,5,1,4,4,5,2,1,2,5,3,3,2,3,1,5,1,5,3,1,3,1,1,2,4,5,2,2,4,3,5,3,3,4,3,2,2,5,4,3,1,5,5,4,2,4,3,4,5,2,4,1,5,1,4,5,3,2,1,1,182,2,1,3,4,3,4,2,2,3,3,2,3,3,3,3,4,3,3,3,4,3,4,4,3,3,3,3,3,4,3,91
138,23,1,1,3,2,1,3,3,1,3,2,4,4,1,2,3,5,2,3,2,5,1,2,5,4,4,5,5,3,5,3,4,5,4,1,4,1,5,2,1,4,3,3,1,5,4,3,2,2,5,3,5,3,5,5,5,5,3,1,4,1,187,3,3,2,2,3,3,2,3,2,4,3,2,4,2,4,1,2,4,2,2,4,1,1,4,2,2,3,3,4,1,78
139,23,1,5,5,4,3,1,1,5,5,3,5,3,3,3,4,4,3,3,3,3,3,2,3,5,2,5,4,3,5,3,4,3,5,2,5,4,5,1,3,1,5,1,5,1,2,3,3,2,5,1,1,3,5,5,3,3,1,2,3,3,192,3,3,3,3,3,4,3,4,3,2,4,4,4,3,2,3,2,1,3,4,2,4,3,3,1,3,3,4,2,3,89
140,20,2,1,4,2,5,5,1,5,1,5,2,1,5,1,2,5,3,1,3,4,5,3,1,2,5,3,3,4,4,5,2,5,1,1,1,1,4,5,5,2,3,5,1,4,4,2,5,5,2,4,3,1,5,1,4,5,5,5,5,1,190,3,3,3,4,4,1,2,2,3,3,4,2,2,3,2,2,3,3,3,2,3,1,2,2,3,3,4,2,4,3,81
141,20,2,5,5,4,4,4,1,5,5,4,1,5,3,5,2,1,4,5,3,1,5,3,3,5,1,2,2,1,5,4,1,2,1,3,1,5,5,5,4,3,5,3,4,5,2,5,3,2,2,4,5,1,1,1,3,1,3,1,3,2,186,1,4,4,4,3,4,3,2,3,2,4,4,3,3,3,4,1,2,4,4,2,3,4,4,4,2,1,2,4,3,91
142,21,2,5,5,1,3,3,4,3,4,3,2,1,2,5,3,4,3,5,4,2,3,5,1,5,1,2,4,1,2,5,1,5,3,3,5,4,4,5,1,4,5,2,1,5,5,1,4,1,3,3,4,1,5,3,4,1,3,4,3,2,188,4,4,2,3,2,3,2,2,2,4,4,3,4,4,4,3,4,2,4,2,4,2,4,4,3,3,3,2,2,2,91
143,22,1,1,5,5,3,1,3,2,1,5,4,4,5,4,4,3,5,1,2,3,1,3,5,3,3,1,2,2,4,2,1,4,3,5,5,5,1,1,3,3,2,5,4,1,3,1,3,2,2,3,3,1,1,4,4,1,5,1,2,3,170,2,4,4,2,3,3,1,3,2,2,4,3,2,2,2,4,3,4,3,3,2,3,2,1,2,2,2,2,3,3,78
144,24,3,2,5,5,3,1,5,4,2,5,5,1,1,1,4,3,1,1,1,1,2,4,1,3,3,2,1,3,2,1,4,1,5,3,5,4,2,1,5,1,1,5,3,5,3,5,3,5,3,4,4,2,1,5,2,2,4,1,5,3,173,3,3,3,3,3,3,3,1,4,3,2,4,3,2,2,3,2,4,1,3,4,4,3,4,2,4,2,4,3,3,88
145,24,5,2,2,5,2,2,5,1,1,5,5,4,2,3,2,2,4,4,5,3,1,1,1,1,1,4,5,2,3,1,3,4,3,3,1,5,1,3,4,1,3,3,5,3,3,5,3,1,1,1,1,3,3,3,5,4,4,1,2,3,169,2,1,1,2,3,3,3,2,3,4,2,1,3,4,3,3,2,4,4,4,2,2,3,2,4,4,2,3,1,1,78
146,24,5,2,5,3,3,2,5,3,3,2,5,3,1,2,1,3,4,3,3,5,2,1,3,3,1,4,5,3,1,3,4,4,3,3,5,5,2,2,2,1,1,2,3,1,5,4,5,2,2,2,1,2,3,5,1,5,5,4,3,3,179,4,3,4,3,2,2,3,4,3,4,2,2,4,3,4,3,3,3,4,4,2,3,3,2,1,4,4,3,2,3,91
147,20,5,5,4,3,2,1,5,1,4,1,1,2,1,1,1,5,2,3,3,5,1,5,4,2,3,4,5,1,5,2,4,1,1,1,1,4,1,5,2,5,3,1,5,3,3,3,2,1,2,2,5,1,5,1,3,2,5,4,3,4,170,4,2,3,3,4,3,2,4,4,1,4,3,4,3,3,3,3,3,4,2,2,3,4,2,4,4,4,2,2,3,92
148,24,2,3,1,3,5,5,5,5,5,3,2,1,1,5,5,1,4,4,3,2,2,3,5,5,2,4,5,3,4,5,2,3,4,5,3,3,3,5,3,1,5,1,3,4,1,2,5,5,1,4,2,2,5,2,5,5,1,5,2,4,199,3,3,1,4,3,3,1,3,4,4,4,3,2,4,3,3,3,4,2,2,2,4,4,4,2,2,4,4,3,3,91
149,22,1,1,4,5,3,4,3,3,4,1,5,5,2,5,2,3,3,1,5,3,1,2,2,5,1,4,4,1,2,2,4,2,3,5,4,2,4,5,3,5,4,5,5,1,4,1,5,5,1,2,1,3,5,3,1,2,1,3,4,5,185,1,3,2,4,2,3,4,3,4,3,4,4,3,4,2,3,3,2,3,4,2,1,3,1,1,4,4,1,2,2,82
150,20,3,2,5,1,3,5,1,3,1,1,4,5,2,4,1,5,5,5,1,5,3,3,4,1,3,1,4,5,3,1,4,2,1,4,1,2,5,1,5,1,5,5,1,5,1,1,1,4,1,3,5,1,5,5,2,5,4,5,3,1,179,3,3,4,3,3,2,2,4,3,4,3,4,4,3,4,3,3,4,2,1,3,3,3,3,3,4,2,4,3,1,91
151,22,1,2,2,3,5,5,4,4,1,3,2,3,4,5,1,3,5,4,1,2,4,4,1,2,2,5,5,2,3,1,4,5,5,4,1,4,5,4,5,5,1,3,4,1,1,2,5,2,3,1,2,4,1,5,4,5,2,3,3,3,186,3,4,4,3,1,2,2,3,2,2,4,4,4,4,4,4,4,4,2,4,3,3,1,3,1,4,2,2,3,2,88
152,24,3,5,2,3,5,4,1,4,1,3,3,3,1,5,5,2,1,5,2,2,3,3,2,2,3,3,4,5,5,5,5,3,2,3,4,4,3,4,3,3,1,3,1,2,1,2,1,5,4,2,4,5,5,1,2,1,5,5,4,1,184,2,3,4,3,2,3,2,3,3,3,3,4,4,2,4,2,3,4,4,2,3,4,3,3,4,3,2,4,3,4,93
153,20,1,1,3,5,5,2,1,4,5,1,4,5,2,4,1,5,3,2,4,3,4,2,2,3,5,1,5,4,4,1,1,2,3,1,4,5,4,4,3,2,5,4,3,1,2,3,3,3,3,4,2,2,3,1,4,5,1,2,2,5,179,4,1,2,3,2,4,3,3,4,3,4,2,1,2,4,2,4,3,3,3,4,3,4,2,1,4,2,4,3,4,88
154,24,1,2,5,3,5,3,2,4,3,3,1,5,2,1,1,4,1,3,2,2,1,3,2,1,5,3,3,5,5,5,3,3,1,2,3,2,5,3,4,1,1,4,3,3,4,3,1,2,5,2,2,1,2,5,1,1,5,1,4,5,168,4,4,3,2,1,2,1,2,2,3,4,3,4,2,4,3,2,3,3,2,4,4,2,3,4,3,2,4,4,4,88
155,21,3,1,3,1,2,2,1,2,1,2,1,5,1,4,5,1,3,1,1,1,3,4,2,5,1,3,3,5,1,2,4,5,3,3,5,3,1,4,2,1,1,1,3,3,5,1,5,4,5,3,3,4,1,2,5,5,1,2,4,2,161,3,4,1,4,2,4,3,4,3,3,3,3,1,4,3,4,3,4,2,3,3,3,3,3,3,4,3,3,3,4,93
156,24,2,5,4,4,1,2,4,4,2,2,3,5,2,2,5,2,3,1,2,3,4,3,1,5,2,5,3,2,2,3,2,1,1,1,5,2,5,1,1,5,1,5,5,1,5,5,3,5,1,5,4,4,1,1,5,2,5,4,3,4,181,2,2,4,2,3,4,4,2,2,2,2,3,3,4,3,3,3,3,4,2,2,3,3,4,3,3,3,4,4,3,89
157,21,1,2,5,1,1,5,1,4,5,1,3,3,3,3,5,1,5,1,5,1,4,3,5,5,4,3,3,4,5,2,1,2,1,4,2,2,3,2,2,2,5,2,5,3,3,5,2,3,3,2,5,3,5,1,4,3,3,4,3,3,182,3,2,3,3,3,3,3,3,1,2,3,3,4,4,4,3,2,3,2,3,3,4,3,3,2,4,4,4,4,3,91
158,23,4,4,1,4,4,2,3,5,3,4,2,1,2,1,1,5,3,5,3,5,4,2,4,5,1,5,4,1,5,3,5,1,2,4,1,4,3,2,1,5,3,1,4,5,1,5,1,5,5,3,5,1,4,3,3,4,2,5,4,1,189,3,1,3,1,3,3,3,4,3,1,3,2,2,2,3,3,2,3,3,3,4,3,4,4,2,3,1,3,3,2,80
159,24,1,3,3,4,2,5,4,3,3,1,3,5,4,3,3,4,2,3,4,1,1,3,4,2,3,5,3,5,4,1,2,5,2,2,3,2,2,1,3,1,4,3,1,1,1,2,1,3,4,3,3,2,5,4,5,2,3,4,1,5,172,3,1,4,3,3,2,3,2,3,3,3,3,4,4,3,3,2,4,1,2,3,2,4,3,4,3,2,3,2,4,86
160,21,4,5,4,5,5,5,3,4,5,2,4,2,3,2,4,5,1,1,1,2,2,1,2,2,4,2,1,2,2,3,4,5,1,4,2,4,3,3,5,1,1,3,1,1,2,5,1,3,1,3,5,2,1,3,5,3,1,1,3,3,168,4,2,1,3,2,3,3,4,4,3,2,4,4,4,2,3,2,1,3,4,3,4,3,2,3,3,4,4,2,4,90
161,22,3,4,4,5,4,5,4,5,5,3,3,2,5,2,5,1,2,2,1,4,1,4,3,5,2,3,1,3,3,4,5,5,2,4,2,4,5,2,3,4,1,1,4,5,2,3,5,4,1,3,2,5,3,1,4,4,3,1,5,1,192,3,3,3,2,1,2,3,4,3,3,2,4,3,3,4,2,2,1,3,3,1,3,2,4,4,2,3,4,3,4,84
162,24,3,4,3,1,3,2,1,5,5,5,3,4,3,2,5,1,2,3,5,5,1,3,1,5,1,1,1,3,4,2,1,3,5,3,4,1,2,1,3,5,4,2,5,2,3,2,5,1,5,1,4,1,3,2,1,2,1,5,4,5,173,2,3,3,3,3,2,2,3,3,3,4,2,4,3,4,4,4,3,2,4,2,3,3,4,4,4,3,2,2,2,90
163,22,4,1,4,1,4,5,1,1,3,3,3,4,3,1,3,5,5,3,3,3,1,4,1,5,2,5,3,5,2,1,2,3,5,3,3,4,3,2,1,5,5,3,5,3,5,4,1,5,5,4,5,5,5,1,1,1,5,1,1,3,188,4,4,4,2,3,2,1,2,4,1,2,3,2,3,2,4,2,3,4,3,4,4,3,2,3,3,3,2,3,4,86
164,21,4,5,1,2,1,5,3,5,4,2,3,2,4,5,1,1,1,4,5,1,4,1,3,2,5,5,4,1,1,3,3,2,4,5,3,4,1,3,4,5,1,3,1,4,1,2,1,4,3,3,5,3,1,2,1,5,3,5,5,3,178,3,3,2,3,3,3,4,3,2,4,3,2,4,4,3,3,2,4,3,3,3,3,3,2,3,2,2,3,3,1,86
165,23,2,5,5,5,4,4,1,5,2,3,3,1,1,4,4,3,2,3,2,1,3,4,5,5,5,5,5,5,5,4,2,5,5,1,4,1,2,3,5,1,1,3,1,1,4,5,3,2,3,1,3,2,1,2,1,3,3,5,1,1,181,1,4,4,4,1,2,3,4,2,2,3,4,2,3,2,3,3,3,2,3,3,4,4,2,3,4,3,4,3,3,88
166,21,1,1,1,5,5,1,2,3,3,3,3,5,1,5,4,1,5,5,2,5,2,5,4,5,5,4,5,2,3,3,2,2,5,2,1,4,4,5,1,3,3,2,5,3,3,1,4,4,1,5,5,4,4,2,3,4,2,3,5,5,196,1,2,2,2,2,3,2,1,3,1,3,3,4,4,2,3,3,3,3,2,4,3,2,2,2,4,2,3,3,3,77
167,23,2,5,1,1,4,5,1,1,3,2,5,4,1,5,3,1,5,3,4,1,1,4,2,1,4,2,3,1,1,3,4,2,5,1,3,1,5,4,2,4,5,2,1,5,4,2,1,2,5,2,3,1,1,2,5,5,1,2,4,4,167,1,3,2,3,2,3,3,2,3,2,2,3,3,1,3,3,3,1,2,2,1,4,3,2,3,4,3,1,4,2,74
168,21,2,1,2,3,1,1,1,5,3,5,4,5,1,2,5,5,2,3,4,4,1,3,4,1,5,3,2,3,4,2,1,1,4,3,3,1,3,5,5,4,4,2,3,3,3,1,3,2,2,2,5,5,1,3,2,2,5,3,2,5,175,3,3,3,3,2,4,3,2,3,3,2,3,3,3,2,4,3,4,1,2,4,4,3,4,3,2,2,2,1,3,84
169,22,3,2,1,3,1,5,4,5,3,4,3,1,2,5,1,1,3,5,2,2,5,3,2,2,5,2,1,2,2,2,1,1,5,2,4,4,5,4,3,3,3,5,3,5,2,3,2,3,2,5,4,1,4,4,4,1,4,4,4,3,180,3,4,3,3,3,1,3,4,3,3,1,3,2,3,2,3,4,4,2,3,3,3,2,3,2,4,2,3,4,3,86
170,21,1,4,3,3,3,3,2,1,4,2,5,4,3,1,3,4,1,1,5,4,5,3,4,4,2,5,5,3,5,4,3,1,3,5,2,3,1,3,2,5,3,4,4,3,3,5,3,4,5,2,3,1,5,5,1,2,3,5,2,3,191,4,1,2,3,4,1,3,1,4,2,3,3,3,4,2,3,3,3,2,2,4,2,2,4,2,1,1,3,4,4,80
171,20,2,5,2,2,4,4,2,5,5,5,1,1,1,4,4,4,3,5,2,5,1,1,5,4,2,4,3,4,4,1,4,1,1,1,1,4,2,5,1,5,2,1,2,4,2,3,1,4,1,1,3,2,3,5,3,2,5,5,3,5,177,4,4,4,1,4,4,2,4,3,3,4,3,3,3,4,4,2,4,4,3,1,4,4,1,3,4,2,3,3,4,96
172,21,2,4,5,2,3,4,3,5,3,5,4,5,2,2,1,4,3,1,2,2,3,5,1,1,5,4,4,4,5,5,4,1,2,4,1,5,5,2,1,5,2,3,2,2,4,3,5,5,1,5,1,3,1,1,3,2,5,4,1,1,183,2,4,2,4,4,1,3,4,2,3,2,3,4,3,4,2,2,3,3,3,3,4,3,4,2,2,2,4,2,3,87
173,24,2,2,2,4,5,2,5,3,2,1,2,5,1,1,5,1,5,1,2,1,3,4,5,3,4,4,4,5,2,1,2,2,2,1,1,5,4,2,5,1,5,1,1,3,2,2,4,3,5,1,3,3,4,2,3,5,5,4,2,3,173,1,3,3,2,2,4,2,4,4,4,4,3,2,3,2,3,3,4,2,4,3,4,3,4,3,3,1,3,3,2,88
174,20,2,4,1,3,1,1,4,5,3,3,2,5,2,5,2,4,1,3,3,5,1,5,4,2,1,4,1,3,4,1,1,5,1,3,2,5,4,5,2,3,5,4,1,5,3,2,2,4,5,3,3,5,5,4,5,5,3,3,1,3,187,4,2,2,2,4,3,4,3,3,2,4,4,2,3,3,2,4,4,3,4,4,2,3,1,2,2,4,4,2,3,89
175,24,5,4,1,1,1,5,1,2,2,1,5,5,1,2,5,1,2,2,3,1,1,2,3,3,3,4,2,5,1,4,5,1,3,1,2,4,1,1,5,4,2,1,3,5,1,1,3,2,2,3,5,1,1,1,1,1,2,5,2,1,148,4,2,3,3,3,2,4,2,4,2,3,4,4,4,3,2,3,1,3,2,3,4,3,3,4,3,2,2,3,3,88
176,23,3,2,3,5,1,1,5,2,2,3,5,5,1,5,3,5,2,3,4,2,2,5,4,3,2,2,5,2,1,2,4,1,1,1,5,4,1,5,2,3,5,1,4,1,5,1,5,1,1,3,2,4,3,1,1,4,1,3,5,2,170,2,4,3,2,3,3,1,3,3,3,2,4,4,3,1,4,2,4,1,4,2,4,2,3,4,2,4,3,4,2,86
177,21,3,5,1,1,4,4,1,4,5,1,2,3,3,3,5,5,3,2,5,5,5,5,2,5,2,2,1,3,2,5,4,1,1,4,3,2,3,1,4,5,4,4,4,2,3,3,1,1,3,5,2,1,2,5,2,3,4,4,1,5,184,2,2,1,4,3,2,4,3,3,3,4,3,3,3,2,3,3,3,3,3,3,2,2,3,4,3,3,3,2,1,83
178,23,1,1,2,5,1,2,5,5,4,4,3,2,5,2,1,5,1,4,5,1,3,3,1,1,5,1,5,5,2,1,3,5,4,4,5,1,1,4,5,4,5,3,4,4,2,1,2,2,4,5,2,3,3,4,5,3,2,3,2,1,182,2,3,3,4,2,3,2,3,2,4,2,4,4,4,2,2,4,3,3,3,3,4,4,2,3,3,4,3,4,3,92
179,22,1,2,3,4,3,5,5,5,2,3,2,5,1,4,3,1,3,1,5,4,1,1,5,2,2,3,3,5,2,5,1,1,2,2,4,5,2,2,4,1,1,4,3,3,3,5,1,1,2,3,2,4,4,5,2,3,3,1,2,1,168,2,3,1,3,3,2,3,4,2,4,4,3,1,4,1,3,3,4,3,4,3,2,3,3,2,2,2,4,4,3,85
180,24,5,3,2,4,1,5,1,1,5,5,5,1,4,2,1,5,2,1,4,2,1,4,3,5,3,5,3,5,1,2,2,2,3,3,5,4,2,5,5,5,4,4,3,3,1,5,1,2,1,5,4,2,1,3,4,2,1,5,4,2,184,2,2,3,4,3,2,4,2,4,3,4,3,4,3,3,4,3,2,1,3,4,3,3,4,4,3,4,3,3,3,93
181,20,3,1,1,5,3,2,2,3,4,3,3,5,5,3,3,5,4,5,2,4,5,2,2,1,2,5,1,2,4,4,4,4,5,2,2,3,5,2,3,3,5,3,4,1,5,3,3,2,3,3,3,2,5,5,4,5,3,1,4,2,193,2,4,3,2,3,1,3,2,2,2,4,2,1,4,3,3,4,4,4,2,4,2,3,2,4,2,4,4,4,3,87
182,23,3,5,1,1,4,3,2,1,2,3,5,1,5,4,4,1,4,3,2,5,4,4,2,3,4,5,2,5,3,1,5,1,1,3,2,1,3,2,4,3,1,2,2,4,1,4,3,3,1,5,5,1,4,2,3,5,4,4,1,1,173,4,3,2,3,2,1,3,1,3,2,3,4,4,3,3,2,2,2,3,4,4,3,3,1,3,4,1,1,4,2,80
183,22,3,3,1,1,1,2,1,3,2,5,4,1,3,3,1,2,5,1,2,5,4,2,1,2,3,5,3,2,1,3,1,2,3,5,1,1,3,3,2,3,5,3,1,5,5,5,3,2,3,4,1,1,1,4,5,2,1,5,1,4,160,3,4,4,2,3,3,4,1,3,3,3,2,3,3,4,2,2,3,3,3,2,2,2,2,3,2,4,3,4,3,85
184,21,3,5,5,5,5,5,4,3,1,3,3,5,1,1,4,5,4,2,1,5,3,1,1,4,5,1,1,2,5,3,1,3,5,2,2,4,1,4,5,2,2,1,5,3,3,5,4,5,3,2,4,1,1,5,1,3,2,1,2,2,180,2,2,1,3,4,4,4,3,3,4,4,4,3,2,3,2,4,4,3,2,3,3,4,2,3,4,3,2,1,3,89
185,20,3,4,1,1,5,2,4,4,1,4,5,1,2,2,5,5,4,5,4,1,2,2,4,2,2,2,1,5,2,1,2,1,1,5,3,1,3,4,2,5,1,3,2,4,4,2,3,5,4,5,4,1,4,3,1,2,1,1,4,2,169,3,2,4,3,3,3,2,3,4,1,2,3,3,4,2,2,2,2,3,2,3,3,3,2,4,1,1,4,4,3,81
186,22,5,1,2,1,3,3,3,4,1,1,2,4,1,1,4,4,2,5,3,5,3,5,5,5,3,3,1,5,2,2,4,4,3,1,3,3,3,4,3,1,3,1,4,3,3,4,2,2,2,5,4,2,1,2,5,4,4,4,1,4,178,3,2,2,2,3,4,2,2,1,4,3,3,4,3,3,2,4,4,2,4,3,2,4,4,3,3,4,3,3,3,89
187,20,2,3,3,4,1,1,5,3,5,4,1,2,3,4,5,4,1,5,1,3,2,3,5,1,4,1,2,3,4,5,1,2,4,3,4,5,5,1,5,1,2,4,1,4,5,4,5,2,3,1,1,4,4,1,5,3,2,2,4,2,180,3,3,3,4,3,4,4,3,4,2,3,2,3,4,4,4,4,3,3,1,2,3,3,4,1,3,4,4,4,3,95
188,21,5,1,3,2,1,5,4,2,5,4,2,5,2,5,2,2,2,1,1,1,2,1,5,3,5,4,1,2,3,2,4,3,2,4,1,3,3,4,4,5,3,4,5,3,4,5,3,3,2,1,3,5,5,3,2,5,1,2,4,2,181,2,3,2,3,3,4,4,2,1,4,3,3,3,4,2,2,3,2,1,2,2,3,3,1,3,4,3,3,4,2,81
189,20,1,5,1,4,5,5,3,2,2,4,3,1,3,2,4,1,5,3,5,2,5,1,2,3,3,4,4,1,1,4,1,5,5,4,5,3,4,4,2,4,2,3,1,2,4,3,1,3,1,1,4,5,3,2,3,1,5,4,4,2,180,3,3,3,3,4,2,2,2,3,2,2,2,3,2,3,4,2,3,1,2,2,2,4,1,2,3,4,3,4,1,77
190,20,3,3,3,4,5,1,5,3,2,5,2,2,1,4,5,3,4,2,1,1,5,5,4,4,1,5,4,2,3,3,1,4,4,5,1,5,1,3,1,4,5,4,5,3,2,4,5,5,1,3,3,5,5,1,2,5,1,2,5,4,194,2,3,3,2,4,2,2,3,1,4,3,3,3,3,3,4,3,4,2,3,1,3,4,4,4,2,3,2,3,3,86
191,20,4,2,5,5,3,4,1,3,4,4,5,3,4,1,4,5,1,1,2,4,4,3,3,5,5,3,4,5,2,5,4,1,3,1,2,4,3,3,4,5,3,3,3,3,4,4,5,1,5,3,3,2,1,5,5,1,3,2,4,2,196,3,4,3,3,3,4,4,3,4,2,4,1,2,4,2,2,4,2,3,4,4,4,2,2,4,3,4,3,4,4,95
192,22,2,5,1,3,2,5,2,2,3,3,5,1,3,4,3,4,4,2,5,5,3,3,1,2,5,4,3,1,3,5,3,3,5,2,1,5,4,3,5,2,1,4,3,2,5,4,3,3,3,5,5,1,3,1,2,5,5,1,4,3,190,4,4,3,2,4,3,2,4,3,3,2,4,2,3,2,1,2,2,2,1,1,4,2,2,4,3,2,3,3,1,78
193,20,1,3,3,3,1,5,2,1,5,5,5,4,5,2,5,1,4,4,3,2,1,3,3,4,4,1,4,3,2,5,5,1,4,4,3,1,5,1,5,3,2,3,3,1,4,4,5,2,1,1,3,2,2,5,5,2,2,3,4,2,182,4,1,2,3,3,3,1,4,3,3,3,4,2,2,2,3,3,4,2,2,1,3,3,2,2,3,4,4,3,2,81
194,20,4,5,4,4,2,3,5,2,4,3,1,1,1,2,5,1,5,5,2,1,5,1,5,2,2,1,5,3,1,1,3,3,2,5,4,1,1,2,4,4,4,2,4,1,2,4,2,5,2,3,2,3,4,1,2,3,5,5,2,2,173,2,3,3,3,4,3,3,4,3,4,3,3,3,3,2,3,3,2,2,3,4,4,4,3,2,3,4,4,2,3,92
195,24,2,1,2,5,1,3,4,1,1,3,3,5,1,3,4,3,3,4,2,5,5,1,4,3,4,1,3,5,5,4,4,5,2,4,1,5,3,2,5,5,5,5,1,1,2,2,3,1,5,1,5,4,1,2,3,2,3,1,1,1,176,3,2,4,4,4,3,4,1,4,4,3,3,4,3,4,4,2,4,4,4,2,3,4,3,1,4,1,2,2,1,91
196,22,4,5,3,1,2,1,3,5,2,1,4,3,2,2,4,1,5,5,3,3,5,3,1,1,2,2,2,1,3,1,1,5,1,3,5,1,2,4,3,3,4,3,2,1,1,1,5,3,3,1,5,3,3,4,2,5,2,3,1,3,163,2,4,4,3,1,4,4,3,3,4,3,4,4,4,2,4,4,3,3,4,4,3,2,3,4,2,3,3,3,3,97
197,23,2,4,5,2,2,3,3,5,4,5,3,5,2,3,1,1,2,4,2,3,1,2,5,1,1,4,3,4,1,1,4,1,2,5,4,3,4,5,3,1,2,2,3,4,2,1,1,5,5,3,5,3,2,3,2,3,2,4,5,1,174,4,4,3,4,2,3,1,1,2,3,3,4,1,3,3,4,1,2,3,4,2,3,2,2,2,2,2,3,3,2,78
198,24,2,2,3,1,1,4,3,3,5,4,5,2,5,1,4,5,3,1,5,4,3,3,4,2,4,2,3,5,1,2,4,1,1,2,1,4,4,3,3,5,2,5,1,2,1,4,3,5,4,3,3,5,3,5,4,3,3,3,4,1,184,2,3,3,3,1,3,3,3,4,3,3,3,3,2,4,2,4,2,4,2,1,4,3,4,3,1,3,2,2,3,83
199,21,5,5,3,4,2,3,3,4,5,5,1,2,3,4,1,5,3,5,1,1,1,4,1,4,5,1,1,4,2,2,4,3,2,3,4,5,5,3,1,4,1,2,3,1,4,3,5,4,5,2,5,4,5,4,2,3,5,3,1,4,190,3,4,2,3,2,2,1,3,3,4,2,3,3,2,2,4,3,4,4,3,2,2,3,4,4,3,4,4,4,3,90
200,24,4,2,3,3,5,4,3,1,4,1,3,5,4,2,5,2,4,1,1,4,4,2,1,3,1,2,1,2,2,5,1,2,5,2,5,2,2,3,5,2,3,1,2,5,3,1,5,3,2,1,1,5,2,1,3,5,1,4,1,1,163,3,3,4,3,3,2,4,3,2,3,2,3,1,4,1,4,3,2,3,2,3,3,3,4,2,4,4,3,4,1,86
201,20,2,2,2,2,2,2,2,5,5,2,1,4,1,5,5,3,2,3,3,2,5,3,4,2,2,4,3,5,1,2,3,2,2,2,1,5,4,1,5,3,1,1,3,3,5,1,4,1,4,1,1,4,1,1,4,1,4,1,4,3,162,3,4,3,3,4,4,3,3,2,4,3,2,4,1,4,1,1,4,3,2,1,3,3,2,3,2,2,4,3,4,85
202,22,5,2,4,4,1,2,4,2,2,4,5,4,2,2,5,4,2,2,5,1,5,3,2,1,1,3,2,4,5,1,5,3,5,3,3,3,5,1,3,2,4,4,2,2,2,4,1,2,5,4,1,1,1,4,3,5,5,5,5,1,183,2,4,3,2,4,3,3,3,1,4,4,3,3,4,3,2,2,1,3,3,3,3,4,3,3,4,3,2,3,1,86
203,21,4,3,1,5,3,2,5,1,4,2,4,5,1,5,5,5,4,3,3,5,1,1,3,5,2,5,4,1,4,2,5,3,2,1,2,4,3,3,1,4,2,4,1,2,5,4,4,5,2,2,2,1,1,2,4,1,4,2,5,2,181,3,3,3,1,3,2,3,4,1,1,3,4,3,4,3,2,2,3,2,4,1,4,3,3,3,2,3,3,3,3,82
204,24,1,2,4,4,2,4,5,3,2,5,3,2,5,5,5,4,2,5,3,5,2,2,4,4,2,4,4,1,3,2,5,4,1,1,2,2,4,2,3,1,3,5,4,4,3,2,4,4,1,5,4,5,4,5,3,5,4,1,3,1,194,2,3,3,2,2,4,2,2,3,1,4,4,1,3,3,3,3,4,3,3,4,3,4,3,4,4,2,3,2,3,87
205,21,3,5,5,2,5,5,3,2,1,2,1,1,3,1,1,1,4,2,1,3,3,2,2,4,2,4,5,2,4,3,5,4,5,2,3,5,2,4,5,2,4,5,5,5,2,3,5,5,2,1,1,4,4,4,3,1,5,5,1,2,186,3,2,3,3,3,3,3,3,3,2,3,2,3,2,1,4,4,4,3,2,4,4,4,2,3,3,2,4,3,2,87
206,22,4,2,5,5,1,5,1,5,5,1,4,4,2,5,5,2,1,1,3,5,3,4,4,3,2,4,2,1,1,4,3,1,5,1,5,3,2,4,1,1,5,1,3,3,3,2,2,1,2,3,3,5,3,2,1,5,4,1,3,1,173,4,3,4,1,3,4,3,4,3,3,2,1,4,3,2,3,3,3,3,2,1,4,4,3,3,2,2,4,3,4,88
207,20,3,4,2,2,2,1,3,5,4,3,3,4,3,5,3,3,5,2,2,4,1,3,5,4,2,2,1,5,4,3,1,5,2,1,5,4,1,3,4,5,1,3,5,1,4,1,2,4,5,1,4,3,4,2,3,5,5,3,5,3,188,3,2,3,2,3,4,2,4,2,2,2,2,2,2,2,2,4,3,4,3,1,1,2,3,4,2,3,4,4,3,80
208,22,3,5,5,2,2,3,2,3,4,2,3,1,5,4,1,5,4,4,3,4,5,1,3,2,3,2,5,3,2,5,3,4,4,3,2,2,3,3,4,2,5,4,1,1,4,4,4,3,4,1,5,3,5,3,1,1,1,1,5,3,185,2,3,4,3,1,4,1,3,3,3,1,4,4,3,4,4,3,3,1,2,3,3,4,3,2,2,4,4,2,4,87
209,24,2,5,4,4,4,4,4,1,5,5,3,1,3,1,3,3,3,4,3,5,1,5,5,4,4,4,5,1,2,3,2,1,1,4,3,5,1,2,5,4,3,5,4,3,1,1,1,4,4,1,3,1,1,3,2,2,1,3,1,2,175,2,2,3,2,2,4,3,3,3,3,3,3,3,4,4,1,2,1,3,3,1,4,2,4,3,4,2,3,4,4,85
210,24,3,5,5,5,5,1,1,3,1,3,5,5,5,4,5,5,3,4,1,4,4,5,5,4,1,1,2,2,4,4,4,1,5,4,2,1,5,4,3,3,3,5,5,2,2,5,5,3,5,5,3,3,3,3,3,4,1,4,2,5,208,4,4,4,3,4,4,3,2,4,1,2,3,4,3,4,3,4,3,4,2,2,2,2,4,4,3,4,3,4,2,95
211,23,3,1,3,5,1,2,2,3,2,3,1,3,2,5,4,2,1,1,5,2,2,4,3,5,2,4,1,3,5,1,1,3,1,4,5,4,2,1,5,2,1,3,4,3,5,5,4,3,1,1,2,1,2,5,4,5,5,2,2,3,170,4,2,2,3,4,4,3,4,2,2,2,4,1,3,2,3,3,4,2,2,3,4,4,3,4,3,4,3,4,3,91
212,21,2,3,3,3,4,5,1,1,2,2,2,2,5,5,5,4,2,2,1,3,1,1,5,5,4,4,5,5,4,5,1,3,5,5,3,3,2,2,4,1,5,1,1,4,4,3,4,3,1,1,5,3,3,4,1,1,2,3,3,3,180,4,2,3,3,4,3,3,2,4,3,4,3,2,4,4,2,1,3,2,2,4,3,4,4,3,1,2,3,2,3,87
213,21,1,4,2,4,3,5,4,4,4,2,1,2,4,3,4,4,1,1,5,5,3,5,3,1,2,4,1,3,2,5,3,3,4,1,1,1,5,2,2,3,1,2,2,1,2,5,3,1,4,1,3,5,1,4,3,5,2,1,3,3,169,1,4,2,1,3,3,4,3,4,3,3,3,1,4,4,2,3,4,3,2,2,3,4,4,3,3,4,3,3,4,90
214,24,4,5,5,5,3,5,5,3,5,4,3,1,5,3,2,1,3,5,1,5,1,3,4,3,2,5,5,4,2,5,1,5,3,4,5,2,4,3,5,4,1,4,3,5,4,4,1,5,3,3,2,3,5,1,4,3,4,4,1,1,204,4,2,3,2,3,3,2,3,4,3,2,4,4,3,2,4,4,3,3,4,2,2,2,2,2,4,3,3,4,3,89
215,22,3,1,1,3,1,3,2,4,1,3,3,1,1,4,1,1,2,5,1,2,5,4,4,5,2,3,5,1,3,5,3,3,1,5,4,2,2,4,1,5,1,1,5,5,5,1,3,4,2,3,5,1,2,2,3,2,5,1,1,2,164,3,3,2,4,4,2,3,2,3,3,4,2,2,3,3,3,2,2,2,1,4,4,2,3,3,4,2,2,3,2,82
216,24,4,5,1,4,1,3,2,3,5,3,1,2,2,1,4,3,5,5,1,3,3,4,3,5,1,2,5,4,5,4,3,4,2,4,3,1,4,3,3,5,3,3,5,1,5,2,1,4,3,3,3,2,5,4,3,3,1,2,3,4,186,3,4,2,4,3,2,2,3,3,2,3,4,4,3,2,3,4,3,3,2,4,4,3,4,3,4,4,2,2,3,92
217,23,1,1,1,1,2,3,1,1,3,5,1,2,2,1,4,2,5,4,3,2,1,5,5,1,1,1,3,3,2,3,4,2,5,2,5,4,5,5,2,4,5,5,3,1,5,1,1,4,1,5,1,1,4,2,3,2,4,1,4,1,162,3,3,3,4,4,3,2,2,3,1,3,2,3,3,3,2,3,4,1,4,2,4,4,4,3,1,2,4,3,3,86
218,24,3,2,1,4,1,5,5,5,3,2,4,3,2,3,2,3,5,5,1,4,4,4,1,3,5,2,4,3,5,1,1,3,5,4,1,2,4,4,2,1,2,1,5,2,1,1,3,2,1,1,1,2,3,1,5,4,1,3,3,1,165,3,4,3,4,3,4,3,4,3,3,2,2,4,2,4,2,2,4,4,4,4,2,3,3,2,3,4,2,2,3,92
219,20,3,1,4,3,1,4,3,4,3,4,4,3,5,5,5,5,2,1,2,2,4,2,1,5,4,5,5,4,2,5,2,5,1,5,1,5,3,5,5,2,5,3,5,5,1,4,5,3,3,1,3,3,4,5,4,4,1,2,3,1,200,3,2,2,3,3,3,4,2,3,2,3,3,3,3,4,4,3,3,3,3,4,4,1,3,3,4,3,2,4,4,91
220,21,2,2,1,3,3,4,3,4,1,2,2,4,3,1,5,4,5,5,1,5,3,2,3,3,2,1,1,4,3,4,1,1,2,3,3,4,3,2,4,4,4,2,5,4,1,2,1,5,3,1,5,2,1,2,4,1,1,1,1,4,163,1,4,4,4,1,2,4,2,2,3,2,3,2,3,4,2,2,3,4,4,3,4,1,3,3,2,2,3,3,4,84
221,21,1,4,4,2,1,1,3,3,5,5,4,5,2,4,4,5,5,3,2,3,4,3,3,2,3,5,2,1,5,5,2,1,5,1,5,5,3,4,3,1,2,3,3,2,1,5,1,1,5,1,5,5,3,1,5,5,3,1,1,1,183,3,4,4,2,2,3,4,3,3,3,3,3,3,4,1,2,4,4,4,2,3,3,4,3,3,4,3,3,2,3,92
222,23,5,2,3,2,1,3,2,5,4,1,1,5,2,2,5,4,3,5,1,4,5,2,5,2,3,4,5,3,4,3,3,5,4,1,1,5,2,3,5,2,5,1,1,1,1,2,5,5,5,1,4,4,3,4,2,5,5,5,1,4,191,2,3,4,2,4,3,3,1,4,4,2,2,4,2,2,4,2,4,2,4,3,3,4,4,3,4,3,4,3,2,91
223,21,2,1,1,3,1,5,5,1,2,3,1,5,1,2,5,1,2,1,1,5,5,1,3,5,4,4,1,5,5,5,2,5,1,1,1,3,2,3,2,1,5,1,5,1,3,5,5,1,5,5,3,3,4,4,3,5,2,2,3,3,175,1,1,3,3,4,3,1,4,3,3,4,3,3,3,1,4,2,3,3,2,4,2,4,3,4,4,4,4,3,4,90
224,21,5,2,4,3,1,5,5,3,1,3,5,1,1,1,1,5,1,3,4,5,4,1,5,2,3,2,2,1,1,1,4,4,2,1,2,4,4,5,3,5,2,5,2,2,2,5,4,3,5,3,1,4,2,4,5,2,2,1,1,1,171,2,3,4,4,3,3,2,3,4,4,3,2,3,4,2,4,2,4,2,4,4,4,2,3,4,3,1,2,2,2,89
225,24,1,1,1,2,5,5,4,1,5,1,3,3,4,5,3,1,1,3,5,2,1,5,4,5,5,3,3,2,4,3,5,4,5,3,5,2,4,3,1,1,2,5,1,5,4,5,1,3,4,3,2,1,3,1,3,5,1,5,4,4,186,4,3,2,4,2,4,3,2,4,4,2,3,4,1,2,4,3,2,3,3,4,3,3,2,2,3,2,3,4,3,88
226,21,1,1,1,5,5,4,3,1,2,1,3,2,4,1,5,5,4,2,3,5,1,1,5,4,2,2,1,1,5,1,2,2,3,5,1,5,4,4,2,5,2,2,1,1,5,2,5,1,4,5,3,5,1,4,4,2,5,1,4,4,175,2,4,4,4,2,1,4,2,1,3,4,2,3,3,3,3,4,4,3,2,4,3,3,4,2,2,2,3,3,3,87
227,20,2,1,2,4,4,3,4,2,5,5,1,5,2,1,5,5,1,1,2,1,3,1,1,1,5,3,2,5,3,1,5,1,3,3,2,3,4,5,1,2,2,3,5,4,4,4,1,2,2,5,4,5,1,3,5,5,2,2,5,2,176,3,4,4,2,4,4,2,4,3,4,3,4,3,4,4,4,3,2,4,4,3,2,2,2,2,2,2,3,3,3,93
228,24,2,5,2,4,3,3,3,4,4,5,4,4,4,5,3,4,1,1,3,5,4,5,1,2,5,5,5,3,1,5,4,4,3,5,4,2,4,1,3,5,1,5,1,4,2,1,5,4,5,5,4,5,3,3,4,4,1,1,2,5,205,2,2,3,4,2,3,4,3,3,4,3,1,3,3,4,2,4,3,2,2,4,4,2,4,3,4,3,4,2,3,90
229,24,4,2,4,3,1,5,2,4,4,5,1,2,5,1,4,5,3,2,1,2,1,1,3,3,2,3,4,5,2,3,3,1,1,3,2,4,2,4,1,3,1,1,2,2,5,5,3,5,1,2,5,3,3,1,5,1,1,3,2,4,166,4,2,4,3,3,3,4,1,1,2,3,4,3,2,3,4,3,3,3,4,4,4,4,2,3,3,4,3,4,3,93
230,24,2,5,2,2,1,2,1,4,4,2,1,5,2,5,3,2,2,1,3,3,1,5,1,3,5,4,3,3,1,5,1,4,5,2,3,3,4,3,1,5,4,1,3,4,5,3,1,5,1,1,4,5,2,5,1,1,3,2,3,2,170,3,4,2,3,3,3,4,4,3,1,2,2,2,2,2,3,1,2,4,4,3,2,1,3,2,4,3,1,3,4,80
231,23,4,3,2,4,3,5,4,2,2,5,1,3,1,4,5,4,5,4,5,1,2,4,3,4,4,2,2,4,5,3,1,3,3,5,4,4,4,4,1,2,1,3,5,3,2,4,4,4,2,4,2,2,4,1,2,2,1,3,5,4,189,2,2,2,1,1,4,3,3,1,3,3,2,4,4,3,2,4,4,3,3,3,2,3,3,2,3,3,3,4,4,84
232,23,1,4,1,1,1,5,3,3,4,4,4,3,1,5,2,1,1,2,3,5,4,3,4,1,5,1,5,1,2,1,4,2,3,3,2,4,2,4,1,4,5,3,3,3,2,3,1,3,2,2,4,1,3,5,2,5,2,2,2,3,166,4,3,3,2,1,4,4,4,2,3,3,3,3,4,3,3,3,3,2,4,4,4,3,2,3,3,3,3,4,3,93
233,21,1,5,4,3,3,4,1,3,1,3,3,1,4,2,1,2,5,4,4,5,5,5,5,1,3,4,4,3,3,1,4,2,3,5,2,1,1,4,5,5,4,4,2,5,4,1,1,5,1,4,5,4,4,3,5,5,3,1,4,3,193,2,4,1,2,2,3,2,3,4,2,3,3,4,3,3,2,3,4,4,3,2,3,4,2,2,3,3,4,2,1,83
234,22,1,5,3,5,3,3,3,3,3,5,4,4,1,1,4,2,2,4,4,1,4,2,1,1,2,4,4,2,2,5,2,2,4,1,3,1,3,1,1,5,3,3,5,4,5,4,2,4,2,3,5,1,5,2,1,3,2,1,5,5,176,3,1,3,2,2,4,2,3,4,3,4,2,3,4,2,2,3,3,3,3,3,4,2,3,4,3,3,3,3,3,87
235,21,1,5,3,4,2,1,5,2,5,4,5,3,1,2,4,3,4,1,5,4,5,4,4,1,2,3,5,3,3,3,4,4,1,5,3,5,3,5,1,4,4,4,1,3,4,4,2,3,5,1,1,2,4,3,1,1,1,5,3,4,188,4,2,3,3,3,4,4,2,3,3,3,3,2,4,3,4,3,4,2,3,4,3,4,4,3,4,4,3,3,1,95
236,20,3,1,4,2,3,2,5,2,1,4,3,3,2,3,2,4,1,1,1,3,3,1,1,1,2,1,4,3,5,5,5,1,3,2,4,3,4,1,5,3,5,3,1,2,4,4,3,1,3,4,5,1,1,3,3,1,5,3,5,3,167,3,2,4,2,4,3,3,3,3,2,2,3,4,4,2,2,4,1,3,3,4,2,2,4,3,4,3,2,4,2,87
237,20,5,1,5,2,2,1,3,3,2,3,3,4,2,5,4,2,3,3,5,2,5,3,5,3,1,2,5,3,4,4,1,5,1,2,4,2,1,3,5,1,5,4,5,3,5,1,1,5,2,5,4,3,2,1,5,1,5,4,3,5,189,3,3,3,1,2,3,3,2,2,3,3,4,3,2,2,3,3,2,4,2,3,3,4,3,2,4,3,3,3,3,84
238,20,2,3,4,3,3,1,1,5,3,4,4,3,4,3,2,5,2,2,4,1,4,3,1,5,5,5,1,4,3,1,1,5,2,4,2,5,4,5,2,3,3,3,1,1,5,3,2,4,2,3,3,1,1,1,1,4,4,3,4,5,178,2,2,2,2,4,3,3,2,4,2,3,3,2,3,3,3,4,1,4,2,4,4,2,3,2,4,3,3,3,3,85
239,22,2,3,3,2,1,2,3,3,4,4,5,1,3,1,4,3,1,5,1,2,3,4,5,3,4,1,3,1,3,4,3,1,2,2,3,2,4,2,1,4,5,3,1,2,5,5,3,1,3,2,1,5,4,4,1,2,2,2,1,1,161,2,2,3,2,3,4,2,3,1,4,3,2,2,3,4,1,3,3,3,3,2,4,4,3,2,4,4,4,3,2,85
240,24,2,2,1,5,1,2,3,1,4,4,1,3,4,1,5,5,2,1,5,3,3,3,5,1,1,3,4,5,4,1,4,4,1,3,2,5,5,2,1,1,2,5,2,5,1,5,4,3,4,5,3,4,4,2,3,3,5,3,4,2,182,3,3,3,4,1,2,3,2,2,3,2,4,3,3,3,3,4,4,4,2,4,4,3,3,3,2,4,4,3,3,91
241,20,5,1,3,2,2,5,5,5,3,3,4,2,1,5,3,1,1,3,5,5,4,1,4,2,2,1,1,1,3,4,5,3,3,1,5,4,1,3,5,5,4,1,1,2,3,4,4,4,3,2,1,3,1,5,4,2,2,4,3,2,177,4,3,2,4,3,2,3,4,3,3,3,4,2,2,3,4,4,2,3,3,3,3,3,2,2,3,4,3,1,3,88
242,21,2,1,5,4,5,1,4,1,1,3,5,5,1,3,1,4,3,4,5,2,1,4,5,1,5,4,1,1,5,2,4,1,2,5,3,4,3,3,3,2,1,3,4,2,3,4,5,3,3,5,2,4,3,5,1,5,4,3,2,5,186,1,2,3,3,2,2,4,2,4,1,2,3,3,2,4,4,2,3,3,3,3,4,4,3,3,2,1,3,3,3,82
243,20,1,3,3,3,5,5,3,5,1,2,5,1,1,1,1,4,2,1,4,5,4,1,5,3,1,3,4,5,1,1,5,3,3,1,5,4,3,5,3,1,2,3,4,3,5,5,1,4,3,3,1,4,5,5,1,5,5,3,5,2,186,3,3,4,4,2,2,2,3,3,2,4,3,4,3,2,2,2,4,3,1,3,4,4,3,4,1,4,1,2,3,85
244,22,1,1,1,1,4,3,2,4,5,3,3,5,4,5,5,5,5,3,3,4,5,1,2,5,3,1,4,4,1,5,5,1,5,2,3,1,4,3,5,1,1,5,1,3,5,4,1,3,5,1,1,5,2,5,3,3,2,1,5,5,189,3,1,2,4,3,4,4,2,2,4,2,3,3,2,3,3,4,3,3,4,4,2,3,4,2,4,2,3,2,2,87
245,22,5,4,1,4,1,2,2,1,1,1,5,1,3,5,2,3,2,5,5,5,4,2,5,1,4,4,1,5,1,5,1,5,5,1,5,3,2,3,3,1,1,5,5,1,1,5,5,5,2,3,1,5,5,3,4,5,5,1,5,4,190,3,2,2,4,3,3,4,2,4,4,4,3,3,3,4,3,4,2,3,4,4,4,1,3,2,2,3,2,3,3,91
246,21,1,5,3,2,2,3,4,5,5,2,3,3,3,3,3,1,3,4,3,1,3,2,5,2,2,4,3,1,3,5,2,5,3,3,3,4,1,3,3,1,4,5,3,5,5,3,2,5,2,4,2,4,5,4,2,4,1,1,5,5,188,2,3,4,4,2,2,3,3,2,4,2,1,3,4,4,3,4,1,2,4,2,3,4,4,2,2,4,2,3,1,84
247,23,1,2,2,5,2,1,5,3,2,1,5,5,4,3,5,2,3,3,4,5,3,3,5,1,1,5,3,4,1,3,3,4,2,1,5,1,2,3,2,3,3,3,5,3,4,3,4,5,1,1,4,4,5,5,5,5,2,3,2,2,187,4,4,1,3,3,3,3,4,4,3,4,2,3,1,2,4,3,2,3,2,4,2,3,3,4,2,4,2,4,2,88
248,21,5,3,2,1,3,3,4,3,5,1,1,5,1,1,1,5,1,1,4,1,3,5,3,2,5,2,3,5,3,1,5,3,3,5,5,1,4,5,3,4,1,5,1,1,4,4,1,3,3,3,2,1,5,5,5,3,5,1,4,1,179,3,3,3,3,4,3,3,2,3,3,2,3,4,3,1,4,2,4,4,1,4,3,3,2,3,2,2,4,3,3,87
249,20,5,1,5,3,4,3,4,1,2,5,5,2,4,1,1,3,4,1,3,1,3,2,2,1,2,1,3,4,3,3,1,5,5,4,3,5,2,3,5,5,1,4,4,3,4,2,1,2,1,4,4,4,5,2,3,1,1,3,4,1,174,4,2,3,3,4,4,4,2,4,3,1,4,3,4,3,3,4,2,4,2,2,4,3,4,4,4,2,4,1,2,93
250,23,1,5,3,4,1,3,5,5,4,4,4,3,1,3,5,1,5,2,4,5,4,1,1,4,4,2,1,1,3,3,2,3,4,5,2,2,5,3,4,1,1,4,1,3,5,5,2,5,2,5,5,1,3,5,5,3,2,1,2,5,188,4,4,3,3,3,3,2,4,4,3,4,2,3,1,2,3,4,4,3,2,3,2,2,3,3,3,1,4,4,3,89
251,20,3,5,4,5,4,1,1,1,2,1,3,3,5,1,5,4,2,3,1,2,4,1,5,1,5,4,3,2,1,3,4,5,5,2,1,3,1,2,4,5,1,3,5,1,2,5,4,5,5,2,4,5,3,3,3,3,2,4,5,3,185,3,3,3,3,3,1,2,2,4,4,2,4,3,4,3,3,4,3,4,4,1,3,3,4,4,3,4,4,1,3,92
252,24,1,1,5,1,3,4,2,4,3,1,3,2,4,3,5,2,3,2,2,4,4,5,5,1,3,3,4,5,1,1,2,5,3,1,2,1,5,1,1,1,5,5,2,4,2,2,1,5,5,1,5,5,5,2,2,2,3,2,3,4,174,3,2,3,3,2,3,4,2,3,3,1,3,4,3,3,3,4,4,3,1,3,3,4,3,2,4,1,3,4,1,85
253,24,5,1,5,1,1,1,1,5,1,4,2,2,1,5,3,5,2,1,1,5,2,3,5,5,1,2,1,4,3,3,3,3,5,2,4,1,4,1,5,5,2,4,3,5,2,3,1,2,1,3,4,3,5,1,2,2,5,3,1,3,169,2,3,2,3,3,4,2,2,4,3,4,4,2,2,3,4,4,2,2,3,4,2,3,4,4,3,2,1,2,4,87
254,24,3,4,3,5,1,5,4,4,5,5,2,1,5,3,4,5,4,4,5,1,4,2,4,1,2,4,2,1,3,3,5,1,1,1,1,1,4,3,3,4,4,1,5,1,3,1,4,2,5,1,1,5,3,1,2,2,2,3,5,4,178,4,3,4,3,3,3,2,4,3,3,4,1,2,3,3,3,3,4,3,3,4,4,4,3,2,2,4,3,3,4,94
255,23,4,5,3,1,2,2,1,5,5,5,3,5,1,2,3,1,4,5,5,5,3,5,2,1,4,4,3,2,3,1,5,2,1,5,5,4,4,3,1,2,1,5,4,1,1,5,3,1,5,2,3,1,5,3,3,1,5,4,1,5,186,4,3,4,2,2,4,3,4,3,2,4,4,2,2,3,4,4,2,4,3,1,4,4,3,4,3,4,3,3,4,96
256,22,4,3,2,4,2,2,1,4,2,5,2,1,5,3,5,2,2,1,3,5,4,4,2,4,2,4,5,2,5,4,1,5,4,2,3,3,3,2,3,2,1,4,1,1,3,4,1,5,3,1,5,4,5,5,3,3,1,1,4,2,179,2,2,4,2,4,4,4,3,2,3,3,4,3,3,4,1,4,3,2,4,3,4,4,4,4,4,1,1,3,1,90
257,21,4,1,2,5,4,5,5,1,2,4,4,1,5,3,1,1,4,3,3,1,4,3,3,2,4,5,3,3,1,5,2,3,3,3,5,1,3,2,2,3,1,3,1,5,2,5,4,5,3,1,5,3,4,1,5,2,1,2,1,3,176,3,4,3,2,2,3,4,4,4,3,2,3,4,3,3,4,3,4,4,2,2,3,2,3,3,3,4,2,4,3,93
258,20,4,1,3,2,2,1,4,5,2,2,2,3,3,4,5,1,5,5,2,1,3,3,1,4,1,2,4,5,4,5,5,4,2,1,3,2,1,2,5,4,1,5,4,3,5,1,4,5,1,4,2,3,2,5,2,1,3,3,1,1,174,3,3,1,4,3,4,3,3,4,4,2,3,3,3,3,3,4,3,4,2,3,2,3,3,4,3,4,3,3,2,92
259,20,1,5,5,5,2,4,4,1,1,3,4,3,1,1,4,3,4,2,5,5,2,5,2,4,1,1,3,1,3,5,1,2,1,4,1,5,3,3,3,2,3,5,5,2,5,1,5,3,3,5,3,4,5,2,3,5,3,5,1,2,185,4,4,2,2,4,3,1,3,4,2,3,3,2,3,3,2,4,3,2,4,3,3,3,2,2,3,4,2,3,2,85
260,24,3,1,2,5,5,2,5,3,3,1,3,4,3,5,3,1,5,1,3,4,5,1,5,1,2,4,3,3,5,5,5,5,5,2,2,1,3,1,3,4,3,5,2,5,3,5,3,2,2,1,1,1,1,1,2,1,1,3,1,1,171,2,1,4,3,4,1,3,4,2,3,3,3,2,2,4,2,4,4,2,3,3,1,3,4,3,3,3,2,3,2,83
261,22,4,4,2,5,2,2,5,2,1,1,3,4,5,2,1,1,1,2,4,1,4,5,4,1,4,1,1,1,4,1,2,4,3,5,3,5,1,2,3,4,2,1,2,4,2,5,5,3,5,2,4,2,3,1,5,5,3,2,3,2,171,2,4,3,2,2,2,3,2,3,4,4,2,4,3,4,2,2,2,3,3,4,2,1,2,3,3,4,2,2,4,83
262,21,5,2,1,1,5,1,1,4,4,2,1,3,3,5,2,3,5,5,3,3,5,4,3,4,2,3,3,1,1,1,1,3,3,5,3,5,4,2,3,1,2,5,5,4,3,1,2,3,1,2,3,5,3,3,5,4,4,4,4,5,184,3,4,3,3,1,1,3,2,4,2,3,3,2,3,3,1,4,3,2,2,3,3,3,3,4,3,2,2,4,4,83
263,23,4,4,1,1,2,3,1,1,5,1,5,4,4,5,2,1,1,3,2,1,4,2,5,1,5,4,2,4,1,2,4,1,5,5,5,4,2,1,4,3,1,4,4,5,5,1,2,2,4,3,2,4,4,1,2,4,2,2,4,4,175,3,1,4,3,3,4,2,4,3,4,2,1,4,4,2,3,3,3,3,3,4,3,3,4,2,3,3,2,3,3,89
264,20,1,1,4,1,3,4,5,5,5,3,3,1,1,1,2,1,3,5,5,1,5,3,1,2,1,3,1,4,2,3,5,1,4,3,2,4,4,3,1,4,1,3,5,2,5,5,4,2,4,4,2,5,3,3,4,3,4,5,4,3,182,3,2,1,3,1,3,3,4,2,3,4,4,2,4,3,3,3,2,2,3,4,3,4,4,2,2,2,1,3,2,82
265,22,2,3,5,3,1,4,1,4,1,4,4,5,1,3,4,5,5,3,1,4,5,3,3,5,4,2,5,1,2,5,1,3,1,5,3,4,2,3,3,5,5,1,4,5,2,4,3,5,5,5,4,5,5,4,5,2,5,2,2,4,205,2,2,3,4,4,3,2,3,2,4,4,3,4,3,3,2,3,1,3,3,4,1,4,2,2,1,3,3,3,1,82
266,24,1,4,1,5,4,1,4,4,1,4,1,3,1,2,3,4,2,4,5,2,3,5,4,2,3,3,2,3,5,1,5,5,3,1,1,1,4,3,3,1,2,4,3,5,1,3,2,5,2,2,5,5,3,5,5,4,5,4,4,4,187,4,2,1,2,4,3,4,3,1,2,2,4,3,3,3,2,2,4,4,1,2,4,4,4,4,1,2,4,3,4,86
267,23,2,1,3,5,3,3,5,5,5,1,4,4,5,1,5,2,4,4,1,2,2,4,1,2,5,2,5,5,3,1,1,2,1,4,3,4,5,1,4,3,2,4,5,1,2,1,5,2,3,2,2,4,2,1,3,2,2,5,3,2,176,3,3,3,4,4,2,2,3,1,4,3,4,3,2,3,3,1,3,2,3,3,2,4,4,3,2,3,2,2,4,85
268,20,4,3,3,5,2,3,1,4,2,5,4,5,4,5,1,2,5,4,5,5,1,3,4,4,4,1,5,2,2,5,1,4,3,4,1,1,1,1,4,2,3,1,5,4,2,5,3,3,1,4,1,2,3,4,4,5,5,2,4,4,190,4,4,4,2,4,4,2,2,2,1,3,4,4,4,3,3,4,1,3,3,3,3,3,2,1,3,3,2,4,2,87
269,24,5,2,3,1,1,3,1,4,4,5,1,2,1,3,2,2,3,1,5,2,5,1,5,1,5,1,5,1,3,2,2,5,5,2,5,3,1,5,2,3,2,2,1,2,1,5,3,3,3,3,4,3,5,1,3,2,1,4,4,2,167,3,3,2,3,4,3,3,2,3,4,2,3,3,4,4,2,2,4,3,2,4,2,4,3,3,2,4,4,4,2,91
270,20,2,5,1,2,3,4,4,2,2,1,4,5,3,5,2,2,3,5,5,3,2,1,1,5,1,5,2,1,5,3,1,1,3,2,5,1,1,2,1,2,5,2,2,2,2,2,5,4,2,3,3,1,1,2,5,1,5,4,2,2,163,2,2,2,3,3,3,3,3,4,3,3,3,2,3,4,3,4,2,4,4,2,3,3,4,2,3,3,2,2,3,87
271,21,3,4,2,5,2,3,3,1,1,5,4,1,5,1,4,5,1,3,5,5,2,4,5,1,1,1,4,2,4,4,2,4,1,5,5,5,1,1,2,5,4,2,4,5,3,3,3,5,2,5,1,5,5,5,1,1,1,3,2,3,185,3,3,4,4,2,1,2,3,3,3,3,4,2,3,4,3,2,1,4,2,2,2,2,2,4,3,2,3,1,1,78
272,20,1,5,5,1,3,3,5,2,5,4,1,3,3,5,1,4,5,2,4,4,5,2,3,2,3,1,1,4,4,5,5,3,4,3,4,1,3,1,4,2,1,5,4,5,2,3,5,2,4,1,1,4,2,4,1,1,4,3,1,2,181,3,3,4,1,3,3,4,3,4,3,3,4,2,3,4,1,3,4,2,4,2,2,2,2,3,1,3,2,3,4,85
273,24,5,4,1,1,5,1,3,3,1,5,4,1,5,1,1,4,3,5,1,1,3,2,1,2,4,3,2,4,1,5,4,5,5,4,1,4,5,4,1,3,2,5,3,1,1,2,5,2,5,2,2,4,5,1,4,4,5,5,5,2,183,3,2,1,2,3,3,3,3,4,3,3,4,3,4,4,4,4,3,3,4,3,4,2,4,3,2,3,1,3,1,89
274,23,5,5,1,1,2,5,4,4,5,1,4,2,5,1,3,1,4,3,4,1,2,1,4,2,1,3,1,1,3,4,5,5,3,5,1,1,2,1,5,3,3,5,1,2,1,3,3,3,3,4,5,5,3,5,4,3,5,4,5,3,184,2,4,3,2,4,2,4,2,2,3,4,4,3,2,3,3,3,3,3,4,3,2,4,3,3,2,4,3,2,3,89
275,22,4,5,5,5,4,5,1,2,5,1,2,3,4,3,1,5,5,4,2,1,5,3,3,5,4,1,4,3,4,3,5,3,3,2,3,4,2,5,2,5,4,5,5,5,2,1,1,5,5,4,5,4,5,1,2,4,1,1,2,2,200,2,3,4,3,2,4,3,4,1,3,3,4,4,2,4,1,3,4,2,2,3,3,4,3,3,3,2,3,1,4,87
276,24,1,5,3,3,5,4,2,5,1,1,1,2,2,4,5,4,2,1,5,5,1,4,4,5,1,4,4,1,5,3,2,3,3,1,3,2,4,4,4,4,5,1,1,1,2,4,1,3,3,3,4,3,1,1,4,1,3,1,5,1,171,4,3,4,4,2,3,4,1,3,3,4,2,1,2,4,2,2,2,4,4,3,3,3,4,3,3,2,3,3,1,86
277,20,1,2,4,5,1,2,4,1,5,1,1,3,5,4,1,2,4,4,3,1,3,5,3,1,2,1,1,3,4,5,4,1,2,5,1,5,3,1,2,1,4,5,4,5,1,1,5,3,4,4,4,5,4,3,2,4,4,4,5,4,182,2,2,3,3,4,3,3,2,2,4,3,4,3,2,4,2,2,3,2,2,1,4,3,2,4,4,3,3,3,2,84
278,23,3,2,1,1,2,5,5,4,5,5,3,2,4,4,5,5,3,4,1,2,1,3,2,5,1,5,1,4,2,4,1,1,2,3,3,2,3,1,1,1,3,1,3,5,4,5,3,3,4,1,4,1,1,4,2,3,2,2,1,1,165,3,2,3,3,3,3,2,3,4,3,2,2,3,3,4,2,3,4,4,4,4,3,4,2,2,3,3,2,2,1,86
279,20,2,4,1,1,4,2,4,1,4,5,5,5,5,5,4,1,1,4,5,3,5,1,5,1,1,2,5,3,4,5,4,5,2,5,3,1,2,1,1,2,1,2,3,1,1,4,1,1,1,5,3,2,3,5,3,4,3,4,2,1,174,2,4,4,2,2,4,4,3,3,2,3,3,4,2,4,3,4,2,2,4,2,3,4,1,1,3,4,4,3,3,89
280,21,2,4,3,4,4,3,5,1,2,1,1,4,3,1,3,2,5,4,3,4,5,5,2,5,4,2,5,1,2,3,3,1,3,1,3,5,2,5,1,2,4,1,1,5,5,2,1,5,2,3,2,3,2,3,2,3,5,4,2,5,179,4,1,2,4,3,3,4,2,3,2,4,4,4,3,4,2,4,2,3,2,2,4,4,2,3,4,2,4,4,2,91
281,23,5,4,2,3,4,5,5,2,1,3,3,1,4,3,1,4,3,1,1,5,1,1,3,2,4,1,3,2,5,1,4,3,4,5,1,3,2,2,3,5,5,4,2,4,3,1,2,5,4,3,2,5,4,5,3,2,3,2,3,2,179,2,3,3,3,4,3,4,3,2,2,4,1,4,3,1,3,4,1,2,4,2,2,3,2,3,2,3,3,4,3,83
282,22,4,5,3,4,4,4,3,4,2,4,3,1,1,3,5,2,4,1,5,3,4,4,4,5,4,2,3,5,3,1,4,4,5,3,1,1,4,2,5,5,5,2,1,5,4,1,3,4,5,5,2,4,4,2,2,2,1,5,4,2,197,4,2,3,2,2,3,2,2,3,3,3,1,3,3,3,4,3,3,3,4,2,4,3,3,2,4,4,3,3,2,86
283,24,1,1,1,3,5,5,3,4,5,5,5,4,1,5,1,2,3,2,1,4,5,1,3,3,2,5,4,5,4,1,3,5,3,3,5,4,2,1,5,2,5,2,1,5,4,1,5,5,1,4,2,2,1,3,3,2,3,4,4,3,187,2,4,4,3,3,2,4,4,3,1,4,3,2,2,4,3,3,2,2,2,4,4,4,4,1,3,4,1,2,4,88
284,20,1,3,4,5,3,5,2,3,3,5,2,4,4,5,1,3,5,2,1,4,5,4,3,1,5,4,3,2,2,1,1,4,5,2,5,2,2,5,1,3,3,2,3,4,5,4,4,2,4,2,4,3,4,3,1,1,1,2,5,4,186,2,3,4,1,3,2,4,1,2,3,4,3,3,4,1,4,3,2,2,4,4,2,3,3,4,2,3,1,2,3,82
285,22,3,2,2,1,2,3,5,5,1,1,1,2,4,1,3,2,2,2,3,5,2,5,1,4,4,3,4,3,3,5,5,1,4,2,1,2,1,5,2,4,2,4,2,1,5,5,5,5,5,1,1,3,5,4,1,2,1,1,3,1,168,3,3,2,2,4,1,1,3,1,4,2,3,4,4,4,2,4,3,2,3,4,4,3,4,3,4,3,3,3,3,89
286,20,1,2,3,5,1,1,1,5,2,3,3,4,3,3,5,5,3,3,1,1,3,3,3,1,5,5,5,2,5,3,5,1,5,2,5,5,5,5,2,3,4,1,5,4,4,1,3,4,1,2,3,1,2,3,1,4,5,5,3,1,185,1,4,2,4,1,4,2,2,2,3,3,2,4,4,2,2,3,4,3,1,3,4,3,4,2,4,3,4,3,3,86
287,20,5,4,1,4,2,4,5,4,3,2,5,2,2,2,4,1,4,5,3,4,2,2,4,4,4,5,2,3,2,3,3,5,1,3,1,1,4,3,3,4,4,4,5,5,2,5,5,5,1,5,2,2,3,3,4,1,5,3,5,4,198,4,3,3,2,4,3,2,3,1,2,3,3,4,3,3,4,3,3,1,2,3,1,3,4,2,2,4,3,2,3,83
288,22,3,5,3,2,1,1,3,3,4,2,3,4,3,5,3,4,4,3,5,2,4,2,4,1,1,4,3,1,1,1,5,5,4,3,4,1,4,1,5,5,2,1,3,1,1,1,4,1,5,3,5,1,5,4,3,4,5,4,1,1,177,3,3,4,1,2,2,3,4,2,1,4,4,4,3,4,2,4,3,4,2,3,4,2,2,4,2,3,2,2,4,87
289,24,2,3,1,4,3,1,5,5,5,3,2,4,3,4,4,5,5,5,5,3,5,2,1,5,2,1,1,5,3,3,2,2,3,5,2,5,1,4,1,5,5,1,2,4,4,4,5,2,2,3,5,2,5,1,3,5,5,1,5,3,197,3,2,3,2,4,3,1,2,3,3,2,2,3,4,1,3,4,3,4,3,4,4,1,4,4,4,4,3,4,2,89
290,20,4,1,1,3,2,2,5,4,3,1,5,4,3,4,5,1,4,5,1,5,3,3,2,2,2,2,2,1,1,5,3,3,1,1,2,2,2,1,4,3,5,5,4,4,5,4,4,5,5,5,4,5,2,2,5,1,1,4,1,3,182,3,3,4,4,4,4,2,4,4,2,3,2,4,3,1,3,3,4,3,3,3,3,3,3,3,3,4,4,2,1,92
291,21,1,3,3,1,1,4,4,2,3,1,3,3,4,1,3,2,1,1,1,1,5,4,5,5,5,5,4,3,5,1,5,4,3,4,5,5,4,3,3,1,1,5,3,3,1,3,5,4,1,1,4,1,2,3,1,4,3,4,1,5,177,3,3,3,3,3,3,4,3,3,4,4,2,3,2,4,2,4,4,3,2,2,1,1,4,3,4,3,3,4,4,91
292,24,1,2,5,1,4,2,2,2,2,5,2,2,3,1,5,1,5,4,5,5,4,2,2,3,1,4,5,2,3,4,3,3,4,5,5,4,4,3,5,1,1,4,4,5,2,5,1,1,4,1,3,5,5,2,5,5,5,3,1,4,192,3,4,4,3,1,3,4,1,4,1,3,3,3,3,2,2,4,2,4,4,3,2,4,4,3,3,4,3,4,2,90
293,22,3,2,1,4,1,3,5,1,1,1,2,1,3,4,5,3,1,4,1,5,2,4,1,3,5,5,1,5,3,1,2,3,1,3,4,1,1,2,3,1,4,1,5,5,4,3,5,5,4,1,1,1,4,3,5,2,4,3,2,5,169,4,2,2,3,2,1,3,3,3,4,3,3,2,2,4,4,2,3,3,1,3,4,4,4,1,3,4,4,2,3,86
294,22,2,4,4,1,2,1,5,5,4,1,2,3,1,1,4,3,3,2,3,3,3,4,2,1,2,5,5,3,3,4,4,3,5,5,3,2,2,5,3,1,3,1,5,1,5,2,2,1,4,3,1,4,2,3,1,5,5,5,1,4,177,3,3,1,3,4,2,4,2,3,3,3,2,4,3,4,3,4,2,3,3,3,3,4,4,4,4,3,3,4,4,95
295,20,4,3,1,1,1,1,1,1,1,4,4,3,5,2,4,3,2,1,4,1,5,2,5,5,3,2,4,3,5,1,2,3,4,5,2,1,2,3,1,2,3,2,2,5,4,2,4,2,1,2,5,3,1,3,3,2,5,2,1,1,160,2,3,3,1,4,3,4,3,2,4,3,3,1,1,3,3,2,3,2,2,3,3,2,4,4,3,4,3,1,3,82
296,24,2,4,5,1,2,3,2,3,1,2,5,1,1,5,5,5,3,4,4,4,4,1,3,5,3,1,1,2,4,5,1,4,4,2,1,1,5,3,4,5,2,1,5,3,2,4,1,3,3,5,5,2,1,2,1,5,2,3,5,2,178,3,4,3,3,3,1,3,2,3,2,2,3,1,4,3,1,4,3,4,3,2,3,3,3,3,3,2,2,2,3,81
297,23,5,5,3,2,1,4,1,3,1,5,4,2,1,5,1,1,3,3,1,2,3,2,5,2,4,3,4,2,1,5,1,4,3,1,4,5,4,3,1,1,2,2,5,4,3,4,4,1,4,3,4,2,2,3,4,2,3,3,3,2,171,4,3,4,4,3,4,4,3,1,3,4,4,3,3,3,2,1,2,3,2,2,3,4,3,2,3,4,3,3,4,91
298,23,2,3,4,5,3,4,4,4,4,4,1,1,3,2,1,4,5,5,1,3,1,3,2,1,2,3,4,1,5,1,1,2,2,1,2,5,4,3,4,4,1,1,5,3,1,1,4,3,1,1,1,1,2,4,1,1,3,3,1,4,156,2,2,4,4,3,3,2,3,3,2,3,2,3,3,4,3,3,2,1,3,4,2,4,2,1,2,3,3,2,4,82
299,24,2,3,5,5,2,1,3,1,2,4,5,2,3,1,1,3,2,3,3,2,2,1,5,3,4,3,2,3,2,1,5,4,1,4,4,2,4,3,1,2,4,4,3,5,3,1,3,4,5,4,2,5,3,3,3,4,2,5,1,5,178,4,3,2,2,2,1,2,2,3,3,3,3,4,4,3,1,1,2,3,4,2,3,4,2,2,1,2,3,3,2,76
300,20,4,5,1,1,4,1,3,1,3,5,1,2,1,2,3,1,1,2,4,5,5,2,2,1,5,2,4,4,4,1,2,2,5,5,3,3,5,1,4,4,4,3,4,3,1,4,1,2,5,1,5,4,3,2,4,5,5,5,2,4,181,4,3,2,2,3,4,4,3,2,2,4,4,2,4,2,3,3,4,4,1,2,2,4,4,4,2,4,3,2,2,89
